smiling_row,food_grp,food_subgrp,brand_or_description,recipe,food_name_english,food_name_local,food_code,main_source_of_origin,edible,sum_of_proximates_g,water_g,enerc_kcal,enerct_kj,protcnt_g,fat_g,choavldf_g,fibtg_g,ash_g,ca_mg,fe_mg,zn_mg,retol_mcg,cartb_mcg,oth_car_mcg,va_rae_mcg_rae,thia_mg,ribf_mg,nia_mg,vit_b6_mg,folate_mg,vit_b12_mg,vit_c_mg,vit_d_mg
3,Added fats,Margarine (fortified),,,margarine,Margarin,IDK005,DABM-1964,100.0,100.0,15.5,733.0,3014.0,0.6,81.0,0.4,0.0,2.5,20.0,0.0,0.02,606.0,610.0,0.0,656.8333333333334,0.0,0.0,0.0,0.005,1.0,0.06,0.0,2.0
4,Added fats,Other added fats,,,coconut milk,Santan,IDC094,DABM-1964,100.0,100.0,54.9,347.9,1435.6999999999998,4.2,34.3,5.6,0.0,1.0,14.0,1.9,1.1,0.0,0.0,0.0,0.0,0.02,0.0,0.4,0.05,26.0,0.0,2.0,
5,Added fats,Other added fats,,,"fat, buffalo",Lemak kerbau (lemak sapi),IDK004,DABM-1964,100.0,100.0,5.0,816.0,3355.5,1.5,90.0,0.0,0.0,3.5,0.0,0.0,0.0,0.0,0.0,0.0,0.0,0.0,0.0,0.7,0.0,0.0,0.0,0.0,
6,Added fats,Other added fats,,,"oil, fish",Minyak Ikan,IDK008,DABM-1964,100.0,100.0,0.0,900.0,3700.0,0.0,100.0,0.0,0.0,0.0,0.0,0.0,0.0,24242.0,0.0,0.0,24242.0,0.0,0.16,4.1,0.0,0.0,0.0,0.0,
7,Added fats,Other added fats,,,"oil, palm",Minyak kelapa,IDK011,DABM-1964,100.0,100.0,0.0,886.0,3643.0,1.0,98.0,0.0,0.0,1.0,0.0,0.0,0.2,0.0,0.0,0.0,0.0,0.0,0.0,0.0,0.0,0.0,0.0,0.0,
8,Added fats,Other added fats,,,"oil, peanut",Minyak kacang tanah,IDK009,DABM-1964,100.0,100.0,0.0,900.0,3700.0,0.0,100.0,0.0,0.0,0.0,0.0,0.0,0.1,0.0,0.0,0.0,0.0,0.0,0.0,0.0,0.0,0.0,0.0,0.0,
9,Added fats,Other added fats,,,"oil, sesame",Minyak wijen,IDK013,FCTEA-1972,100.0,100.0,0.1,898.1,3692.3,0.2,99.7,0.0,0.0,0.0,10.0,0.1,0.2,0.0,0.0,0.0,0.0,0.01,0.07,0.1,0.0,0.0,0.0,0.0,
10,Added sugars,"Honey,syrup,nectar",,,honey,Madu,IDM010,DABM- 1964,100.0,100.0,20.0,319.2,1356.6,0.3,0.0,79.5,0.0,0.2,5.0,0.9,0.8,0.0,0.0,0.0,0.0,0.0,0.04,0.1,0.024,2.0,0.0,4.0,
11,Bakery & breakfast cereals,"Sweetened bakery products, enriched",biscuits with milk,,biscuits (with milk),Biscuit marie susu,,Nutrisurvey,100.0,101.0,3.0,455.0,1917.0,6.0,13.0,78.0,1.0,0.0,31.0,1.0,4.0,50.0,0.0,50.0,52.083333333333336,0.0,0.0,1.0,0.0,14.0,0.0,1.0,
12,Bakery & breakfast cereals,"Sweetened bakery products, enriched",Biskuat*,,"biscuits, fortified",Biskuit bayi farley,,dkbm-1995,100.0,95.0,1.5,401.40000000000003,1694.7,13.4,9.0,66.7,0.0,4.4,392.0,11.3,0.0,0.0,0.0,0.0,0.0,0.0,0.0,0.0,0.0,0.0,0.0,0.0,
13,Bakery & breakfast cereals,"Sweetened bakery products, enriched",,,"biscuits, non fortified",Non fortified biscuit,IDA031,DABM-1964,100.0,102.1,2.2,461.8,1943.5999999999997,6.9,14.4,75.1,2.1,1.4,62.0,2.7,0.8,0.0,14.0,0.0,1.1666666666666667,0.09,0.15,1.4,0.0,31.0,0.0,0.0,
14,Bakery & breakfast cereals,"Sweetened bakery products, enriched",,,"bread, sweet",Roti Manis,,Nutrisurvey,100.0,102.5,32.7,287.70000000000005,1218.1000000000001,7.9,2.7,56.7,2.5,0.0,9.0,0.5,0.8,0.0,0.0,0.0,0.0,0.1,0.1,0.8,0.0,28.0,0.0,0.0,
15,Bakery & breakfast cereals,"Sweetened bakery products, enriched",,,"cake, modern",kue bolu,,Nutrisurvey,100.0,100.6,50.7,208.39999999999998,882.8999999999999,4.4,2.0,42.9,0.6,0.0,12.0,0.5,0.3,32.0,0.0,32.0,33.333333333333336,0.0,0.1,0.3,0.0,11.0,0.2,0.0,
16,Bakery & breakfast cereals,"Sweetened bakery products, enriched",,1.0,"cake, traditional",Bolu peca,IDA067,KZGMI-2001,100.0,100.6,55.6,198.2,836.3,3.3,4.6,35.6,0.6,0.9,0.0,0.0,0.0,0.0,0.0,0.0,0.0,0.0,0.0,0.0,0.03,11.0,0.19,0.0,
17,Bakery & breakfast cereals,"Sweetened bakery products, enriched",,,donut,donat,,Nutrisurvey,100.0,101.7,20.5,406.9,1707.1,7.4,17.1,55.0,1.7,0.0,14.0,0.9,0.5,13.0,0.0,688.0,41.66666666666667,0.1,0.1,0.7,0.0,15.0,0.1,0.0,0.1
18,Bakery & breakfast cereals,"Sweetened bakery products, enriched",,,Fortified biscuit,Fortified biscuit,,Nutrisurvey,100.0,102.7,2.5999999999999943,447.5,1887.4,13.2,10.5,73.7,2.7,0.0,526.0,6.8,11.1,0.0,0.0,,0.0,0.8,0.8,6.3,0.7,104.0,0.9,0.0,3.3
19,Bakery & breakfast cereals,"Sweetened bakery products, enriched",,1.0,"snack, traditional cake (bika ambon)",Bika ambon,IDA064,KZGPI- 1990,100.0,100.39999999999999,51.5,200.1,848.4,2.1,1.5,44.4,0.3,0.6,45.0,1.8,1.0,243.0,0.0,408.0,260.0,0.1,0.3,0.8,0.4,63.0,2.4,0.0,2.0
20,Bakery & breakfast cereals,"Sweetened bakery products, enriched",,1.0,"snacks, traditional sticky rice delicacy",kue tradisional dari tepung ketan,,Nutrisurvey,100.0,101.3,27.700000000000003,305.3,1293.5,6.3,2.7,63.3,1.3,0.0,61.0,5.5,0.4,0.0,0.0,,0.0,0.0,0.0,0.4,0.0,5.0,0.0,0.0,
21,Beverages (non-dairy or blended dairy),"Brewed tea,herbal infusions (w/wo sugar or milk)",,,"tea leaf, dry",Teh hijau daun kering,IDM016,FCTEA-1972,,109.6,7.7,390.0,1646.7,28.3,4.8,53.6,9.6,5.6,245.0,18.9,0.0,0.0,8400.0,0.0,700.0,0.38,1.24,4.6,0.0,0.0,0.0,230.0,
22,Beverages (non-dairy or blended dairy),"Brewed tea,herbal infusions (w/wo sugar or milk)",,,"tea, sweetened",teh manis,,Nutrisurvey,,100.0,96.8,12.8,54.400000000000006,0.0,0.0,3.2,0.0,0.0,2.0,0.0,0.0,0.0,0.0,0.0,0.0,0.0,0.0,0.0,0.0,0.0,0.0,0.0,
23,Composites (mixed food groups),"Grain products w/fillings (sandwiches, burgers, samosas, enchiladas)",,1.0,"snack, pastel (carrot and potato inside)",Pastel,IDA118,KZGMS-1993,100.0,100.5,38.3,308.3,1293.4,4.5,13.3,42.4,0.5,1.5,296.0,2.5,0.8,0.0,0.0,5360.0,223.33333333333334,0.15,0.15,1.2,0.13,14.0,0.76,0.0,
24,Composites (mixed food groups),"Grain products w/fillings (sandwiches, burgers, samosas, enchiladas)",,1.0,spring roll,lumpia,,Nutrisurvey,100.0,101.0,60.599999999999994,126.1,530.8,5.0,3.7,17.7,1.0,13.0,61.0,25.0,32.0,0.0,91.0,0.0,7.583333333333333,0.1,0.4,0.0,13.0,0.2,0.0,0.0,
25,Composites (mixed food groups),Main meal recipes,,1.0,"noodle, with chicken",Mie ayam,IDA107,KZGMS-1993,100.0,101.7,78.6,105.30000000000001,441.79999999999995,6.2,3.9,10.5,1.7,0.8,262.0,1.8,0.5,39.4,0.0,166.0,46.31666666666666,0.85,0.02,0.0,0.04,7.0,0.0,0.0,
26,Composites (mixed food groups),Main meal recipes,,1.0,"noodle, with meatball",Mie bakso+kuah,IDA108,KZGMS-1993,100.0,100.09999999999998,74.5,114.0,480.7,5.3,3.0,16.4,0.1,0.8,286.0,1.9,0.5,17.3,0.0,180.0,24.8,0.16,0.02,0.4,0.04,7.0,0.0,0.0,
27,Composites (mixed food groups),Other composites,,1.0,"corn-and-wheat flour, fried",Perkedel jagung,,Nutrisurvey,100.0,101.5,53.4,260.9,1090.2,3.8,14.3,28.5,1.5,0.0,7.0,0.5,0.5,11.0,0.0,665.0,38.70833333333333,0.1,0.1,1.0,0.1,25.0,0.1,2.7,0.1
28,Composites (mixed food groups),Other composites,,1.0,"potato-and-wheat flour, fried",Pergedel kentang,,Nutrisurvey,100.0,101.3,70.8,160.4,670.8,2.8,8.2,18.2,1.3,0.0,9.0,0.4,0.3,17.0,0.0,377.0,32.708333333333336,0.1,0.1,1.2,0.3,12.0,0.1,10.9,0.1
29,Composites (mixed food groups),Soups,,1.0,beef and vegetable soup [R],Sop daging sapi,IDF103,KZGMS-1993,100.0,100.8,87.5,50.5,213.6,5.8,0.5,5.3,0.8,0.9,158.0,2.2,0.5,101.0,0.0,3320.0,239.33333333333334,0.37,0.1,0.1,0.1,32.0,0.0,0.0,
30,Composites (mixed food groups),Soups,,1.0,"beef soup, traditional [R]",Soto daging sapi,IDF103,KZGMS-1993,100.0,100.0,87.5,48.9,207.2,5.8,0.5,5.3,0.0,0.9,158.0,2.2,0.6,101.0,0.0,0.0,101.0,0.37,0.0,0.5,0.1,1.0,0.3,0.0,
31,Composites (mixed food groups),Soups,,1.0,"chicken soup, traditional [R]",Soto ayam,,Nutrisurvey,100.0,100.5,79.3,106.80000000000001,447.9,7.4,4.6,8.7,0.5,0.0,12.0,0.5,0.6,34.0,0.0,34.0,35.416666666666664,0.0,0.1,1.0,0.1,9.0,0.2,0.0,
32,Composites (mixed food groups),Soups,,1.0,vegetable and beef soup,Sayur sop daging,,Nutrisurvey,100.0,103.3,57.7,118.8,494.5,1.8,7.0,10.5,3.3,23.0,55.0,28.0,0.0,0.0,473.0,0.0,39.416666666666664,0.1,0.6,3.0,32.0,0.0,0.0,0.1,
33,Dairy products,Fluid or powdered milk (fortified),,,chocolate milk powder,susu dancow coklat,,Nutrisurvey,100.0,100.0,4.699999999999989,438.20000000000005,1848.1000000000001,13.0,11.4,70.9,0.0,0.0,462.0,4.8,2.1,0.0,0.0,452.0,18.833333333333332,0.2,0.4,2.1,0.2,25.0,0.6,22.0,4.0
34,Dairy products,Fluid or powdered milk (fortified),,,follow-up formula milk,Follow Up Formula,,dkbm-1995,100.0,100.0,1.2,506.6,2122.8,11.6,24.2,60.6,0.0,2.4,515.0,6.5,0.0,0.0,0.0,0.0,0.0,0.0,0.0,0.0,0.0,0.0,0.0,0.0,
35,Dairy products,Fluid or powdered milk (fortified),,,"infant formula, fortified",enfamil,,dkbm-1995,100.0,100.0,2.6,487.09999999999997,2043.3,11.1,21.5,62.3,0.0,2.5,370.0,10.2,0.0,0.0,0.0,0.0,0.0,0.0,0.0,0.0,0.0,0.0,0.0,0.0,
36,Dairy products,Fluid or powdered milk (fortified),,,"milk, sweetened condensed",Susu kental manis,IDJ009,DABM-1964,100.0,100.0,25.0,342.8,1444.4,8.2,10.0,55.0,0.0,1.8,275.0,0.2,0.1,155.0,46.0,92.0,162.66666666666669,0.05,0.43,0.4,0.06,13.0,0.06,1.0,
37,Dairy products,Fluid or powdered milk (non-fortified),,,Fresh Milk,Fresh Milk,,Nutrisurvey,100.0,100.0,88.1,67.1,280.29999999999995,3.2,3.9,4.8,0.0,0.0,115.0,0.1,0.4,55.0,0.0,,55.0,0.0,0.2,0.1,0.1,6.0,0.4,1.0,
38,Dairy products,Fluid or powdered milk (non-fortified),,,milk powder,Tepung susu,IDJ013,DABM-1964,100.0,100.00000000000001,3.5,513.2,2143.6000000000004,24.6,30.0,36.2,0.0,5.7,904.0,0.6,4.1,476.0,119.0,0.0,485.9166666666667,0.29,1.4,1.6,0.302,37.0,3.25,6.0,7.0
39,Dairy products,Infant formula (fortified),SGM*,,Infant formula (fortified),Infant formula (fortified),,Nutrisurvey,100.0,100.0,3.9000000000000057,506.9,2123.7,10.8,24.5,60.8,0.0,0.0,385.0,6.0,1.8,210.0,0.0,,210.0,0.2,0.3,1.8,0.2,21.0,0.5,49.0,4.0
40,Fruits,Other fruit,,,apple,Apel,IDE003,DABM-1964,88.0,102.0,84.1,68.4,289.20000000000005,0.3,0.4,14.9,2.0,0.3,6.0,0.3,0.02,0.0,25.0,65.0,4.791666666666667,0.04,0.01,0.1,0.041,3.0,0.0,5.0,
41,Fruits,Other fruit,,,avocado,Alpokat,IDE001,DABM-1964,61.0,101.7,84.3,96.30000000000001,400.30000000000007,0.9,6.5,7.7,1.7,0.6,10.0,0.9,0.4,0.0,45.0,135.0,9.375,0.05,0.06,0.9,0.078,35.0,0.0,13.0,
42,Fruits,Other fruit,,,banana,Pisang ambon,IDE068,KZGMI-2001,,101.9,72.9,112.2,474.90000000000003,1.0,0.8,24.3,1.9,1.0,20.0,0.2,0.2,3.0,37.0,8.0,6.083333333333334,0.05,0.11,0.1,0.367,20.0,0.0,9.0,
43,Fruits,Other fruit,,,cempedak (jack fruit),Cempedak,IDE019,DABM-1964,30.0,103.4,67.0,136.8,579.2,3.0,0.4,28.6,3.4,1.0,20.0,1.5,0.1,0.0,80.0,120.0,11.6666666666667,0.0,0.0,0.5,0.108,14.0,0.0,15.0,
44,Fruits,Other fruit,,,Dutch eggplant,terung belanda,IDD169,KZGPI-1990,100.0,99.1,87.3,55.49999999999999,233.79999999999995,2.1,1.1,8.6,1.4,1.0,16.0,1.1,0.2,0.0,0.0,8048.0,335.3333333333333,0.42,0.06,0.0,0.09,14.0,0.0,11.5,
45,Fruits,Other fruit,,,lychee,kelengkeng,,Nutrisurvey,,102.2,78.39999999999999,91.8,388.79999999999995,1.2,0.2,20.2,2.2,0.0,21.0,0.5,0.1,0.0,0.0,4.0,0.16666666666666666,0.0,0.0,0.9,0.1,2.0,0.0,69.0,
46,Fruits,Other fruit,,,melon,Melon,,Nutrisurvey,,100.5,83.8,35.8,151.4,0.6,0.4,7.2,0.5,8.0,0.0,0.0,0.0,0.0,0.0,0.1,0.004166666666666667,0.0,0.0,10.0,0.0,0.0,0.0,0.1,
47,Fruits,Other fruit,,,pineapple,Nanas,IDE063,KZGPI- 1990,51.0,100.6,88.9,45.900000000000006,194.4,0.6,0.3,9.9,0.6,0.3,22.0,0.9,0.1,0.0,20.0,70.0,4.583333333333333,0.02,0.05,0.2,0.11,15.0,0.0,22.0,
48,Fruits,Other fruit,,,ramboosteen,Rambutan,IDE090,DABM-1964,40.0,101.1,80.5,79.10000000000001,335.50000000000006,0.9,0.1,18.1,1.1,0.4,16.0,0.5,0.1,0.0,0.0,0.0,0.0,0.0,0.06,0.4,0.1,7.0,0.0,58.0,
49,Fruits,Other fruit,,,snake fruit,Salak,IDE092,DABM-1964,50.0,100.50000000000001,78.0,86.89999999999999,368.99999999999994,0.4,0.1,20.9,0.4,0.7,28.0,4.2,0.0,0.0,48.0,0.0,4.0,0.04,0.2,2.4,1.0,3.0,0.0,2.0,
50,Fruits,Other fruit,,,star fruit,Belimbing,IDE006,DABM-1964,86.0,100.00000000000001,90.0,40.400000000000006,171.20000000000005,0.4,0.4,8.8,0.0,0.4,4.0,1.1,0.1,20.0,0.0,170.0,27.083333333333332,0.03,0.09,2.5,0.1,2.0,0.0,35.0,
51,Fruits,Other fruit,,,water melon,Semangka,IDE099,DABM-1964,46.0,100.3,92.1,32.0,135.60000000000002,0.5,0.2,6.9,0.3,0.3,7.0,0.2,0.1,0.0,255.0,37.0,21.25,0.05,0.04,0.2,0.045,3.0,0.0,6.0,
52,Fruits,Other fruit,,,watery roseapple,Jambu air,IDE028,DABM-1964,90.0,103.1,87.0,56.8,239.8,0.6,0.2,11.8,2.7,0.8,7.5,1.1,0.0,8.0,48.0,0.0,12.0,0.01,0.15,2.4,0.1,3.0,0.0,5.0,
53,Fruits,Vitamin A source fruit,,,mango,Mangga gedong/gadung,IDE051,DABM-1964,65.0,102.70000000000002,87.4,54.79999999999999,231.29999999999998,0.7,0.2,11.2,2.7,0.5,13.0,0.2,0.1,32.0,192.0,16208.0,723.3333333333334,0.08,0.02,0.5,0.134,14.0,0.0,30.0,
54,Fruits,Vitamin A source fruit,,,papaya,Pepaya,IDE067,DABM-1964,55.0,100.6,86.7,52.699999999999996,223.59999999999997,0.5,0.1,12.2,0.5,0.6,23.0,1.7,0.1,142.0,851.0,365.0,228.0,0.04,0.05,0.3,0.019,38.0,0.0,78.0,
55,Fruits,Vitamin A source fruit,,,persimmon (INA: 'kesemek'),Kesemek,IDE043,DABM-1964,97.0,101.9,78.2,90.6,383.6,0.8,0.4,20.0,1.9,0.6,6.0,0.3,0.0,400.0,324.0,2386.0,526.4166666666666,0.05,0.01,0.2,0.1,14.0,0.0,11.0,
56,Fruits,Vitamin C-rich fruit,,,guava,Jambu biji,IDE029,DABM-1964,82.0,104.4,86.0,63.900000000000006,269.0,0.9,0.3,12.2,4.4,0.6,14.0,1.1,0.5,8.0,50.0,25.0,13.0,0.02,0.06,1.2,0.11,49.0,0.0,87.0,
57,Fruits,Vitamin C-rich fruit,,,orange,Jeruk,IDE036,DABM-1964,72.0,101.40000000000002,87.2,52.99999999999999,224.29999999999998,0.9,0.2,11.2,1.4,0.5,33.0,0.4,0.22,0.0,45.0,145.0,9.791666666666668,0.08,0.03,0.2,0.06,30.0,0.0,49.0,
58,Grains & grain products,"Enriched/fortified grains and products, whole or refined",,,instant noodle,Mie instant,,Nutrisurvey,100.0,101.7,12.790000000000006,361.78999999999996,1534.37,10.3,1.91,75.0,1.7,0.0,15.0,10.7,0.7,0.0,0.0,132.0,5.5,0.5,0.0,0.0,0.3,18.0,0.5,0.0,
59,Grains & grain products,"Enriched/fortified grains and products, whole or refined",SUN*,,manufactured infant cereal,Infant cereal/manufactured CF,,dkbm-1995,100.0,100.00000000000001,3.6,396.80000000000007,1680.9,8.9,4.4,80.4,0.0,2.7,337.0,10.4,0.0,0.0,0.0,0.0,0.0,0.0,0.0,0.0,0.0,0.0,0.0,0.0,
60,Grains & grain products,"Enriched/fortified grains and products, whole or refined",,,"noodle, dry",Mie instant-dry,IDA044,KZGPI- 1990,100.0,100.4,23.9,308.1,1307.1000000000001,10.0,1.7,63.0,0.4,1.4,31.0,3.9,1.92,0.0,0.0,0.0,0.0,0.0,0.08,2.1,0.216,29.0,0.29,0.0,11.0
61,Grains & grain products,"Enriched/fortified grains and products, whole or refined",,,wheat flour,Tepung terigu,IDA053,KZGPI- 1990,100.0,99.2,11.0,353.8,1502.4,9.0,1.0,77.2,0.0,1.0,22.0,1.3,2.5,0.0,0.0,0.0,0.0,0.1,0.0,1.0,0.341,0.0,0.0,0.0,
62,Grains & grain products,"Refined grains and products, unenriched/unfortified",,,"glutinuous rice, uncooked",Beras ketan putih tumbuk,IDA008,KZGPI- 1990,100.0,100.4,12.9,351.20000000000005,1491.4,7.4,0.8,78.4,0.4,0.5,13.0,3.4,2.2,0.0,0.0,0.0,0.0,0.28,0.0,0.0,0.107,7.0,0.0,0.0,
63,Grains & grain products,"Refined grains and products, unenriched/unfortified",,,rice cake,lontong,,Nutrisurvey,100.0,101.3,58.099999999999994,191.20000000000002,806.6999999999999,2.2,4.2,35.5,1.3,0.0,4.0,0.5,0.4,0.0,0.0,0.0,0.0,0.0,0.0,0.4,0.0,5.0,0.0,0.0,
64,Grains & grain products,"Refined grains and products, unenriched/unfortified",,,rice flour,Tepung beras,IDA050,DABM-1964,100.0,102.1,12.0,356.7,1514.3,7.0,0.5,80.0,2.1,0.5,5.0,0.8,0.8,0.0,0.0,0.0,0.0,0.12,0.09,1.3,0.436,0.0,0.0,0.0,
65,Grains & grain products,"Refined grains and products, unenriched/unfortified",,,rice flour porridge,Bubur tepung beras,,Nutrisurvey,100.0,100.1,91.2,35.9,152.4,0.7,0.1,8.0,0.1,0.0,1.0,0.1,0.1,0.0,0.0,,0.0,0.0,0.0,0.1,0.0,1.0,0.0,0.0,
66,Grains & grain products,"Refined grains and products, unenriched/unfortified",,,rice porridge,bubur nasi,,Nutrisurvey,100.0,100.2,82.60000000000001,70.50000000000001,299.40000000000003,1.3,0.1,16.0,0.2,0.0,2.0,0.1,0.2,0.0,0.0,0.0,0.0,0.0,0.0,0.2,0.0,1.0,0.0,0.0,
67,Grains & grain products,"Refined grains and products, unenriched/unfortified",,1.0,"rice, fried",Nasi goreng,,nutrisurvey,100.0,99.99999999999999,64.1,178.00000000000003,746.6,2.6,7.4,24.6,1.3,0.0,7.0,0.6,0.4,0.0,0.0,0.0,0.0,0.1,0.1,0.0,0.1,0.0,0.0,19.0,
68,Grains & grain products,"Refined grains and products, unenriched/unfortified",,,"rice, steamed",Nasi tim,,Nutrisurvey,100.0,100.3,71.89999999999999,113.99999999999999,484.0999999999999,2.2,0.2,25.7,0.3,0.0,3.0,0.2,0.4,0.0,0.0,,0.0,0.0,0.0,0.4,0.1,2.0,0.0,0.0,
69,Grains & grain products,"Refined grains and products, unenriched/unfortified",,,"rice, white, cooked",Nasi putih,IDA025,KZGPI- 1990,100.0,100.0,56.7,173.89999999999998,738.6999999999999,3.0,0.3,39.8,0.0,0.2,25.0,0.4,1.2,0.0,0.0,0.0,0.0,0.05,0.02,0.7,0.02,3.0,0.0,0.0,
70,Grains & grain products,"Refined grains and products, unenriched/unfortified",,1.0,"rice, white, cooked in coconut milk",Nasi uduk,,Nutrisurvey,100.0,101.8,48.900000000000006,234.49999999999997,989.1,3.8,5.3,42.0,1.8,0.0,6.0,0.6,0.9,0.0,0.0,0.0,0.0,0.0,0.0,0.6,0.1,7.0,0.0,0.5,
71,Grains & grain products,"Whole grains and products, unenriched/unfortified",,,corn rice (dry),nasi jagung,IDA005,KZGMI-2001,100.0,110.00000000000001,10.8,373.7,1583.1000000000001,5.5,0.1,82.7,10.0,0.9,20.0,1.4,4.1,0.0,641.0,0.0,53.416666666666664,0.12,0.08,1.0,0.0,0.0,0.0,3.0,
72,Grains & grain products,"Whole grains and products, unenriched/unfortified",,,corn rice (wet),Beras jagung kuning,,Nutrisurvey,100.0,101.3,66.4,128.0,542.6,2.8,0.6,27.2,1.3,3.0,63.0,7.0,0.0,0.0,5.0,0.0,0.4166666666666667,0.0,0.9,2.0,20.0,0.0,0.0,0.1,
73,Human milk,Human milk,,,breastmilk,breast milk,,Nutrisurvey,100.0,100.0,87.89999999999999,67.9,283.7,1.0,3.9,7.2,0.0,0.0,28.0,0.0,0.1,0.0,0.0,0.0,0.0,0.0,0.0,0.0,0.0,0.0,0.1,4.0,
74,"Legumes,nuts & seeds","Cooked beans,lentils,peas",,,cowpea,Kacang tolo / tunggak,IDC047,KZGPI- l990,100.0,101.6,13.5,344.3,1460.1,24.4,1.9,56.6,1.6,3.6,481.0,13.9,3.4,0.0,5.0,2.0,1.0,0.06,0.2,4.3,0.3,549.0,0.0,0.0,
75,"Legumes,nuts & seeds","Cooked beans,lentils,peas",,,celery,Kacang merah kering,IDC035,KZGPI- l990,100.0,104.0,17.7,331.1,1403.8000000000002,22.1,1.1,56.2,4.0,2.9,502.0,10.3,5.576402,0.0,0.0,0.0,0.0,0.4,0.77,2.4,0.62,659.6,0.0,0.0,
76,"Legumes,nuts & seeds","Cooked beans,lentils,peas",,,"kidney bean, fresh",Kacang merah,IDC037,KZGPI- l990,100.0,102.2,57.2,180.0,761.1999999999999,11.0,2.2,28.0,2.1,1.7,293.0,3.7,2.9,0.0,0.0,10.0,0.4166666666666667,0.15,0.34,2.3,0.32,343.0,0.0,0.0,
77,"Legumes,nuts & seeds","Cooked beans,lentils,peas",,,mungbean,Kacang hijau,IDC019,KZGPI-1990,100.0,107.49999999999999,15.5,347.29999999999995,1470.3999999999999,22.9,1.5,56.8,7.5,3.3,223.0,7.5,2.7,0.0,165.0,58.0,16.166666666666668,0.46,0.15,1.5,0.1,208.0,0.0,10.0,
78,"Legumes,nuts & seeds","Cooked beans,lentils,peas",,,"mungbean, cooked",kacang hijau rebus,IDC020,KZGPI-1990,100.0,101.5,71.3,115.5,489.5,8.7,0.5,18.3,1.5,1.2,95.0,1.5,0.9,0.0,25.0,95.0,6.041666666666667,0.12,0.06,0.6,0.44,921.9,0.0,3.0,
79,"Legumes,nuts & seeds","Cooked beans,lentils,peas",,1.0,"mungbean, cooked with coconut milk",Bubur kacang hijau,,Nutrisurvey,100.0,102.9,68.7,148.5,625.3,3.1,3.5,24.7,2.9,0.0,259.0,1.3,0.5,0.0,0.0,1.0,0.041666666666666664,0.1,0.0,0.2,0.04,77.0,0.0,0.0,
80,"Legumes,nuts & seeds","Cooked beans,lentils,peas",,,pea,Kapri muda mentah,IDD111,DABM-1964,80.0,102.1,86.8,55.2,233.3,3.3,0.2,9.0,2.1,0.7,51.0,1.0,0.8,0.0,85.0,355.0,21.875,0.2,0.12,1.0,0.169,65.0,0.0,49.0,
81,"Legumes,nuts & seeds","Cooked beans,lentils,peas",,,pea (INA: 'benguk'),"Koro benguk, biji",IDC061,DABM-1964,95.0,100.0,15.0,343.0,1454.0,24.0,3.0,55.0,0.0,3.0,30.0,2.0,3.7,5.0,0.0,70.0,7.916666666666666,0.3,0.17,2.2,0.42,466.0,0.0,0.0,
82,"Legumes,nuts & seeds","Cooked beans,lentils,peas",,,pea (INA: 'wedus'),"Koro wedus, biji",IDC065,DABM-1964,100.0,100.0,11.8,346.3,1469.9,22.2,1.5,61.0,0.0,3.5,88.0,3.5,3.4,5.0,0.0,0.0,5.0,0.62,0.16,1.3,0.26,549.0,0.0,0.0,
83,"Legumes,nuts & seeds","Cooked beans,lentils,peas",,,pigeon pea,"Kacang gude, biji",IDC016,KZGPI-1990,100.0,104.6,16.1,333.0,1411.7,20.7,1.0,58.0,4.6,4.2,146.0,4.7,2.9,0.0,20.0,3.0,1.6666666666666667,0.3,0.06,1.1,0.3,456.0,0.0,0.0,
84,"Legumes,nuts & seeds","Nuts,seeds,and unsweetened products",,,peanut,Kacang tanah tanpa kulit,IDC046,DABM-1964,100.0,102.6,2.6,605.0,2514.7000000000003,26.9,44.2,23.6,2.6,2.7,74.0,1.9,3.3,0.0,0.0,0.0,0.0,0.3,0.3,0.1,0.3,26.0,0.0,0.0,
85,"Legumes,nuts & seeds","Nuts,seeds,and unsweetened products",,,"peanut, coated with wheat fluor a",Kacang atom,IDC081,KZGPI- 1990,100.0,102.5,3.1,574.3000000000001,2391.9,27.8,38.1,28.8,2.5,2.2,87.0,3.0,0.0,0.0,0.0,0.0,0.0,0.06,0.1,13.0,0.25,114.0,0.0,0.0,
86,"Legumes,nuts & seeds",Soybeans and products,,,"beancurd, dried",Kembang tahu,IDC087,KZGPI- 1990,100.0,100.0,10.8,413.0,1738.0,48.9,13.8,23.3,0.0,3.2,378.0,2.0,4.0,0.0,0.0,0.0,0.0,0.15,0.08,0.7,0.25,75.0,0.0,0.0,
87,"Legumes,nuts & seeds",Soybeans and products,,,oncom (fermented soybean),Oncom,IDC090,DABM-1964,100.0,100.7,57.0,197.8,832.8000000000001,13.0,6.0,22.6,0.7,1.4,96.0,27.0,0.4,0.0,0.0,0.0,0.0,0.09,0.02,0.3,0.04,3.0,0.0,0.0,
88,"Legumes,nuts & seeds",Soybeans and products,,,soybean,Kacang kedelai,IDC025,KZGPI-1990,100.0,103.39999999999999,12.7,417.9,1753.6,40.4,16.7,24.9,3.2,5.5,222.0,10.0,5.0,0.0,95.0,31.0,9.0,0.47,0.12,1.2,0.2,133.0,0.0,27.0,
89,"Legumes,nuts & seeds",Soybeans and products,,,soybean flour,Tepung kacang kedelai,IDC122,DABM-1964,100.0,105.4,9.0,460.6,1928.8,35.9,20.6,29.9,6.0,4.0,195.0,8.4,2.46,0.0,0.0,140.0,5.833333333333333,0.77,0.3,2.0,0.574,305.0,0.0,0.0,
90,"Legumes,nuts & seeds",Soybeans and products,,,tempeh (fermented soybean),Tempe kedele murni,IDC117,KZGPI- 1990,100.0,101.39999999999999,55.3,219.2,919.9000000000001,20.8,8.8,13.5,1.4,1.6,155.0,4.0,1.2,0.0,0.0,1.0,0.041666666666666664,0.19,0.45,3.7,0.2,52.0,0.4,2.0,
91,"Legumes,nuts & seeds",Soybeans and products,,,tofu,Tahu,IDC098,KZGPI- 1990,100.0,100.10000000000001,82.2,89.30000000000001,373.6,10.9,4.7,0.8,0.1,1.4,223.0,3.4,0.8,0.0,135.0,0.0,11.25,0.01,0.09,0.1,0.05,15.0,0.0,0.0,
92,"Legumes,nuts & seeds",Soybeans and products,,1.0,"tofu, fried",Tahu goreng,IDC099,KZGPI- 1990,100.0,100.1,77.3,125.5,522.6999999999999,9.7,8.5,2.5,0.1,2.0,229.0,4.1,0.7,0.0,0.0,0.0,0.0,0.01,0.4,0.0,0.05,14.0,0.0,0.0,
93,"Meat,fish & eggs","Blood,blood sausage",,,"blood, cow",Dideh (darah sapi),IDF024,DABM-1964,100.0,100.0,75.6,97.5,412.99999999999994,21.9,1.1,0.0,0.0,1.4,7.0,1.3,0.2,15.0,225.0,0.0,33.75,0.09,0.03,1.2,0.5,12.0,3.0,0.0,
94,"Meat,fish & eggs",Eggs,,,"egg, chicken",Telur ayam,IDH002,KZGPI-1990,100.0,99.0,74.3,149.6,622.3000000000001,12.4,10.8,0.7,0.0,0.8,86.0,3.0,1.1,61.0,23.0,81.0,66.29166666666666,0.12,0.38,0.2,0.143,47.0,1.29,0.0,1.0
95,"Meat,fish & eggs",Eggs,,1.0,"egg, chicken, omelette",Telur dadar,IDH020,USDA,100.0,100.0,61.9,245.39999999999998,1018.7,16.3,19.4,1.4,0.0,1.0,62.0,2.5,1.39,36.0,,,36.0,0.21,0.495,0.082,0.184,51.0,0.97,0.0,
96,"Meat,fish & eggs",Eggs,,,"egg, duck",Telur itik/bebek mentah,IDH005,KZGMI-2001,,100.00000000000001,67.7,186.8,778.4000000000001,10.9,12.4,7.9,0.0,1.1,64.0,5.4,1.8,196.0,13.2,0.0,197.1,1.62,0.03,0.1,0.25,80.0,5.4,0.0,5.0
97,"Meat,fish & eggs",Eggs,,,"egg, quail",Telur puyuh,IDH011,FCTEA-1972,,100.0,79.8,112.19999999999999,468.09999999999997,10.7,7.0,1.6,0.0,0.9,65.0,3.5,1.47,160.0,40.0,10.0,163.33333333333334,0.13,0.65,0.1,0.15,66.0,1.58,0.0,5.0
98,"Meat,fish & eggs",Fish without bones,,,eel,Belut,IDG013,KZGMI-2001,,99.99999999999999,81.5,69.6,294.8,14.6,0.8,1.0,0.0,2.1,49.0,1.5,1.2,90.0,0.0,43.0,91.79166666666667,0.22,0.12,4.4,0.067,15.0,3.0,0.0,12.0
99,"Meat,fish & eggs",Fish without bones,,,fish,ikan tawar,,Nutrisurvey,,100.0,82.0,82.0,346.0,16.0,2.0,0.0,0.0,0.0,20.0,2.0,1.5,45.0,0.0,45.0,46.875,0.1,0.1,2.0,0.2,6.0,1.2,2.0,10.0
100,"Meat,fish & eggs",Fish without bones,,,"fish, freshwater, fried",Ikan goreng,,dkbm-1995,,102.2,29.2,402.7,1681.6,46.9,23.9,0.0,0.0,2.2,346.0,0.9,0.0,40.0,0.0,8.0,40.333333333333336,0.12,0.0,0.0,0.0,0.0,0.0,0.0,
101,"Meat,fish & eggs",Fish without bones,,,"fish, freshwater, cooked in turmeric spice",ikan mas bumbu kuning,,Nutrisurvey,,101.7,64.69999999999999,223.1,927.6999999999999,16.7,15.7,2.9,1.7,0.0,60.0,2.6,1.5,6.0,0.0,11.0,6.458333333333333,0.3,0.1,1.9,0.2,19.0,1.0,2.0,9.0
102,"Meat,fish & eggs",Fish without bones,,1.0,"fish, freashwater, steamed in banana leaf",ikan mas pepes,,Nutrisurvey,100.0,100.0,84.9,78.4,328.70000000000005,11.5,3.6,0.0,0.0,0.0,26.0,0.8,1.0,5.0,0.0,5.0,5.208333333333333,0.2,0.0,1.3,0.1,4.0,0.7,1.0,7.0
103,"Meat,fish & eggs",Fish without bones,,1.0,"fish, freashwater, steamed in banana leaf",ikan awu-awu bakar,,Nutrisurvey,100.0,100.0,85.0,70.0,295.0,13.0,2.0,0.0,0.0,0.0,8.0,0.3,0.4,11.0,0.0,11.0,11.458333333333334,0.2,0.1,1.7,0.1,7.0,2.0,1.0,9.0
104,"Meat,fish & eggs",Fish without bones,,,"fish, milk fish","Bandeng, presto",IDG100,KZGPI-1990,45.3,100.0,45.3,296.3,1233.9,17.1,20.3,11.3,0.0,6.0,1422.0,1.9,0.0,6.0,0.0,400.0,22.666666666666668,0.14,0.0,0.0,0.0,0.0,0.0,69.09,
105,"Meat,fish & eggs",Fish without bones,,,"fish, sea",ikan laut,,Nutrisurvey,,100.0,81.1,79.1,335.29999999999995,18.2,0.7,0.0,0.0,0.0,11.0,0.4,0.5,11.0,0.0,,11.0,0.1,0.1,2.0,0.2,10.0,0.8,1.0,1.0
106,"Meat,fish & eggs",Fish without bones,,,"fish, sea, dried, salted",ikan asin/asap,IDG112,DABM- 1964,70.0,100.0,40.0,181.5,769.5,42.0,1.5,0.0,0.0,16.5,200.0,0.0,1.7,0.0,0.0,0.0,0.0,0.01,0.31,4.6,0.82,35.0,3.05,0.0,4.0
107,"Meat,fish & eggs",Fish without bones,,,"fish, sea, fried",ikan kembung goreng (resep),,Nutrisurvey,,100.0,59.400000000000006,269.9,1120.2,17.3,21.5,1.8,0.0,0.0,12.0,0.6,0.3,35.0,0.0,970.0,75.41666666666666,0.2,0.0,0.2,0.2,9.0,0.9,0.0,9.8
108,"Meat,fish & eggs",Fish without bones,,,"fish, tuna",Tongkol,IDG092,KZGMI-2001,,100.0,74.7,100.3,424.4,13.7,1.5,8.0,0.0,2.1,92.0,1.7,1.6,181.0,10.0,0.0,181.83333333333334,0.35,0.03,14.7,0.9,0.0,0.52,0.0,5.0
109,"Meat,fish & eggs",Organ meat,,,beef liver,Hati sapi,IDF030,DABM-1964,100.0,100.00000000000001,69.7,131.6,555.3,19.7,3.2,6.0,0.0,1.4,7.0,6.6,4.0,13303.0,55.0,20302.0,14153.5,0.26,0.96,5.4,1.08,290.0,59.3,31.0,1.0
110,"Meat,fish & eggs",Organ meat,,,buffalo liver,hati kerbau,,Nutrisurvey,,100.0,67.29999999999998,155.29999999999998,653.9,24.4,4.9,3.4,0.0,0.0,7.0,6.8,6.1,20357.0,0.0,20357.0,21205.208333333332,0.2,3.6,10.3,0.5,290.0,110.0,15.0,1.0
111,"Meat,fish & eggs",Organ meat,,,chicken gizzard,rempelo ayam,,Nutrisurvey,,100.0,61.3,158.3,666.9,29.0,4.7,0.0,0.0,5.0,226.0,62.0,0.0,0.0,0.0,0.1,0.004166666666666667,0.2,3.8,0.0,7.0,2.2,0.0,0.4,
112,"Meat,fish & eggs",Organ meat,,,chicken liver,Hati ayam,IDF079,KZGMS-1993,,100.0,53.4,260.9,1088.7,27.4,16.1,1.6,0.0,1.5,118.0,15.8,0.5,4957.0,96.0,27904.0,6127.666666666667,0.64,2.94,4.11,0.853,0.0,16.58,0.0,
113,"Meat,fish & eggs",Organ meat,,1.0,chicken soup,sayur sop ayam,,Nutrisurvey,100.0,100.7,72.89999999999999,72.80000000000001,304.30000000000007,5.9,3.8,3.4,0.7,14.0,48.0,23.0,8.0,0.0,232.0,0.0,19.333333333333332,0.1,1.4,4.0,11.0,0.1,0.0,0.1,
114,"Meat,fish & eggs",Organ meat,,,"chicken, intestine","Usus ayam, goreng",IDF122,KZGPI-1990,100.0,100.10000000000001,4.6,473.1,1977.8000000000002,45.2,26.3,13.9,0.0,10.1,1407.0,8.4,2.3,0.0,0.0,224.0,9.333333333333334,0.57,0.1,1.8,0.2,4.0,1.0,0.0,
115,"Meat,fish & eggs",Organ meat,,,dove liver,hati burung,,Nutrisurvey,,100.0,69.19999999999999,150.7,633.5999999999999,24.4,5.5,0.9,0.0,0.0,14.0,8.5,4.3,11325.0,0.0,11325.0,11796.875,0.4,2.7,10.2,0.4,590.0,56.0,23.0,
116,"Meat,fish & eggs",Organ meat,,,duck liver,hati itik,,Nutrisurvey,,100.0,69.19999999999999,150.7,633.5999999999999,24.4,5.5,0.9,0.0,0.0,14.0,8.5,4.3,11325.0,0.0,11325.0,11796.875,0.4,2.7,10.2,0.4,590.0,56.0,23.0,
117,"Meat,fish & eggs","Poultry, rabbit",,,"chicken, meat",Daging ayam,IDF002,DABM-1964,58.0,100.0,55.9,297.8,1234.4,18.2,25.0,0.0,0.0,0.9,14.0,1.5,1.5,245.0,0.0,39.0,246.625,0.08,0.16,8.1,0.35,6.0,0.31,0.0,
118,"Meat,fish & eggs","Poultry, rabbit",,,"chicken, meat, fried",Daging ayam goreng,IDF062,KZGPI-1990,52.8,100.10000000000001,52.8,236.2,989.6000000000001,33.1,11.4,0.3,0.0,2.5,90.0,7.3,1.66,19.0,14.0,0.0,20.166666666666668,0.03,0.1,1.0,0.2,13.0,0.2,0.0,0.16
119,"Meat,fish & eggs","Poultry, rabbit",,,"duck, meat",Bebek (itik),IDF004,DABM-1964,60.0,100.0,54.3,321.40000000000003,1330.2,16.0,28.6,0.0,0.0,1.1,15.0,1.8,1.36,273.0,0.0,63.0,275.625,0.1,0.25,3.9,0.19,13.0,0.25,0.0,
120,"Meat,fish & eggs",Processed meat,,1.0,meatball,Bakso pentol,,Nutrisurvey,,100.0,46.5,363.5,1507.5,23.5,29.9,0.1,0.0,0.0,6.0,1.6,3.8,0.0,0.0,10.0,0.4166666666666667,0.1,0.2,3.0,0.3,8.0,1.8,0.0,
121,"Meat,fish & eggs",Processed meat,,1.0,meatball with noodle,BAKSO,,Nutrisurvey,,100.20000000000002,50.60000000000001,268.0,1121.4,19.1,14.0,16.3,0.2,0.0,9.0,1.4,3.0,22.0,0.0,22.0,22.916666666666668,0.1,0.2,2.3,0.3,9.0,1.5,0.0,0.1
122,"Meat,fish & eggs",Processed meat,,1.0,dumplings,siomay,,Nutrisurvey,,100.3,78.6,69.19999999999999,292.2,9.5,1.4,4.5,0.3,6.0,159.0,26.0,7.0,0.0,7.0,0.0,0.5833333333333334,0.0,1.5,3.0,7.0,1.4,6.0,0.1,6.0
123,"Meat,fish & eggs",Processed meat,,1.0,"snack, fish-and-wheat flour in vinegar sauce",Pempek tenggiri,IDG165,KZGPI- 1990,100.0,100.2,56.3,173.60000000000002,736.1999999999999,7.2,1.2,33.4,0.2,1.9,164.0,3.1,0.2,0.0,0.0,0.0,0.0,0.02,0.03,1.06,0.0,3278.0,0.0,0.0,
124,"Meat,fish & eggs",Red meat,,,"beef, dried",Dendeng sapi,IDF043,DABM-1964,100.0,100.0,25.0,301.0,1268.0,55.0,9.0,0.0,0.0,11.0,30.0,5.1,16.7,0.0,0.0,413.0,17.208333333333332,0.1,0.19,30.3,1.4,25.0,7.7,0.0,
125,"Meat,fish & eggs",Red meat,,,"beef, fried",Ampal,,Nutrisurvey,,100.0,58.3,274.3,1138.9,18.2,21.5,2.0,0.0,0.0,90.0,2.5,8.4,0.0,0.0,1.0,0.041666666666666664,0.7,0.2,4.1,0.3,3.0,1.6,2.0,1.0
126,"Meat,fish & eggs",Red meat,,,"beef, meat",Daging sapi,IDF021,DABM-1964,100.0,100.0,66.0,201.2,837.6,18.8,14.0,0.0,0.0,1.2,11.0,2.8,3.64,160.0,90.0,0.0,167.5,0.08,0.21,6.5,0.44,7.0,3.05,0.0,
127,"Meat,fish & eggs",Red meat,,,"beef, meat, shreeded",Abon,IDF039,KZGPI-1990,100.0,102.39999999999999,24.8,362.70000000000005,1520.1000000000001,14.6,16.1,38.6,2.5,5.8,165.0,14.6,8.9,3.0,0.0,144.0,9.0,0.13,0.3,7.2,0.7,13.0,4.1,0.0,
128,"Meat,fish & eggs",Red meat,,,"buffalo, meat",Daging kerbau,IDF017,DABM-1964,100.0,100.0,80.0,79.3,336.4,18.7,0.5,0.0,0.0,0.8,14.0,3.3,1.93,0.0,0.0,0.0,0.0,0.06,0.2,6.0,0.53,8.0,1.8,0.0,
129,"Meat,fish & eggs",Red meat,,,"lamb, meat",daging domba,,Nutrisurvey,,100.0,57.099999999999994,261.6,1089.3,24.9,18.0,0.0,0.0,0.0,4.0,1.7,4.1,0.0,0.0,0.0,0.0,0.1,0.2,3.2,0.3,6.0,1.9,0.0,
130,"Meat,fish & eggs",Red meat,,,"mutton, meat",Daging kambing,IDF015,DABM-1964,100.0,100.00000000000001,70.3,149.2,622.6,16.6,9.2,0.0,0.0,3.9,11.0,1.0,4.0,0.0,0.0,0.0,0.0,0.09,0.13,4.9,0.3,5.0,1.13,0.0,
131,"Meat,fish & eggs",Seafood,,,clam,Kerang,IDG045,KZGPI- 1990,100.0,100.00000000000001,78.2,96.60000000000001,407.3,14.4,2.6,3.9,0.0,0.9,321.0,15.6,2.4,79.5,0.0,0.0,79.5,0.01,0.35,2.1,0.0,13.0,13.3,0.0,0.12
132,"Meat,fish & eggs",Seafood,,,seafoods,Udang segar,IDG096,DABM- 1964,68.0,100.0,75.0,86.2,366.09999999999997,21.0,0.2,0.1,0.0,3.7,136.0,8.0,1.3,18.0,4.0,0.0,18.333333333333332,0.01,0.39,3.6,0.1,3.0,1.19,0.0,3.0
133,"Meat,fish & eggs","Small,whole fish,with bones",,,anchovy,ikan teri,IDG090,KZGPI- 1990,100.0,100.0,80.0,70.2,296.6,10.3,1.4,4.1,0.0,4.2,972.0,3.9,1.72,13.0,0.0,28.0,14.166666666666666,0.24,0.07,1.8,0.143,0.0,0.62,0.0,12.0
134,"Meat,fish & eggs","Small,whole fish,with bones",,,anchovy flour,Tepung teri,IDG133,KZGPI- 1990,100.0,100.0,5.2,331.20000000000005,1399.6,48.8,6.4,19.6,0.0,20.0,4608.0,18.6,4.1,61.0,0.0,130.0,66.41666666666667,1.12,0.3,9.1,0.46,31.0,13.44,0.0,2.0
135,"Meat,fish & eggs","Small,whole fish,with bones",,,"anchovy, dried, salted",ikan teri asin,AAG1,ASEAN,100.0,100.0,24.9,241.6,1023.3,53.4,2.8,0.7,0.0,18.2,1241.0,4.7,1.72,13.0,0.0,0.0,13.0,0.08,0.09,3.7,0.143,0.0,0.62,0.0,12.0
136,"Meat,fish & eggs","Small,whole fish,with bones",,,"anchovy, fried",ikan teri goreng dpm,,Nutrisurvey,100.0,100.0,78.0,131.5,548.0,9.5,8.7,3.8,0.0,0.0,900.0,3.6,0.4,12.0,0.0,382.0,27.916666666666664,0.2,0.1,5.3,0.3,10.0,1.0,0.0,11.1
137,"Meat,fish & eggs","Small,whole fish,with bones",,,processed fish,ikan pindang,IDG128,DABM-60/64,100.0,100.0,47.1,331.4,1374.7,21.1,27.0,1.0,0.0,3.8,354.0,3.5,3.0,76.0,0.0,0.0,76.0,0.1,0.19,4.3,0.48,8.0,8.94,0.0,8.0
138,"Meat,fish & eggs","Small,whole fish,with bones","Botan*, ABC*",,"sardine, canned, in tomato sauce",Sardines dalam kaleng,IDG128,DABM-60/64,100.0,100.0,47.1,331.4,1374.7,21.1,27.0,1.0,0.0,3.8,354.0,3.5,3.0,76.0,0.0,28.0,77.16666666666667,0.1,0.19,4.3,0.48,8.0,8.94,0.0,8.0
139,Miscellaneous,"Condiments,herbs,spices",,,chilli sauce,Sambal,,Nutrisurvey,100.0,108.0,72.6,153.10000000000002,639.8000000000001,3.8,5.5,18.1,8.0,0.0,47.0,2.5,0.8,0.0,0.0,1332.0,55.5,0.1,0.3,2.8,0.6,28.0,0.0,24.0,
140,Miscellaneous,"Condiments,herbs,spices",,,"chilli, red",Cabai merah segar,IDN017,DABM-1964,,101.4,90.9,38.7,163.39999999999998,1.0,0.3,7.3,1.4,0.5,29.0,0.5,0.4,0.0,4205.0,470.0,370.0,0.05,0.09,3.0,0.36,21.0,0.0,18.0,
141,Miscellaneous,"Condiments,herbs,spices",,,shrimp paste,Petis udang kering,IDN031,KZGPI- 1990,100.0,99.89999999999999,8.3,345.0,1464.4999999999998,23.8,1.4,59.3,0.0,7.1,221.0,3.8,1.1,1.8,0.0,232.0,11.466666666666667,1.02,0.4,2.2,0.0,0.0,0.0,0.0,
142,Savory snacks,"Savory snacks, salted,spiced,fried",,,"chips, from cassava fluor",kerupuk aci,,Nutrisurvey,100.0,100.90000000000002,8.300000000000011,369.09999999999997,1568.1,0.3,0.1,91.3,0.9,0.0,2.0,0.5,0.1,0.0,0.0,0.0,0.0,0.0,0.0,0.0,0.0,0.0,0.0,0.0,
143,Savory snacks,"Savory snacks, salted,spiced,fried",,,"snacks, chiki",Chiki,,Nutrisurvey,100.0,100.9,0.0,526.8,2207.2,8.3,25.0,66.7,0.9,0.0,8.0,0.5,0.8,0.0,0.0,,0.0,0.1,0.0,0.9,0.1,6.0,0.0,0.0,
144,Savory snacks,"Savory snacks, salted,spiced,fried",,1.0,"vegetable, fried with wheat fluor",Cireng/bakwan,IDA059,KZGPI- 1990,100.0,103.4,40.5,287.40000000000003,1207.0,8.2,10.2,39.0,3.4,2.1,204.0,7.0,0.4,0.0,0.0,0.0,0.0,0.08,0.02,0.6,0.03,11.0,0.0,0.0,
145,Starchy roots & other starchy plant foods,Other starchy plant foods,,,arrowroot flour,Tepung Arrowroot,IDB049,DABM- 1964,100.0,100.4,13.6,346.20000000000005,1470.9000000000003,0.7,0.2,85.2,0.4,0.3,8.0,1.5,0.1,0.0,20.0,3.0,1.6666666666666667,0.09,0.01,0.0,0.0,0.0,0.0,0.0,
146,Starchy roots & other starchy plant foods,Other starchy plant foods,,,cassava flour,Tepung singkong/ Tapioka,IDB051,DABM- 1964,100.0,101.9,9.1,365.5,1551.8000000000002,1.1,0.5,88.2,1.9,1.1,84.0,1.0,0.05,0.0,0.0,0.0,0.0,0.04,0.02,0.4,0.0,0.0,0.0,0.0,
147,Starchy roots & other starchy plant foods,Other starchy plant foods,,,"cassava, white",Ketela pohon/ singkong,IDB022,KZGPI- 1990,85.0,100.9,61.4,155.7,660.9,1.0,0.3,36.8,0.9,0.5,77.0,1.1,0.1,0.0,0.0,0.0,0.0,0.06,0.12,0.5,0.088,0.0,0.0,31.0,
148,Starchy roots & other starchy plant foods,Other starchy plant foods,,,gaplek (from cassava),tepung gaplek,,Nutrisurvey,,100.7,74.9,65.50000000000001,277.90000000000003,0.5,0.1,15.3,0.7,9.2,33.6,1.0,0.0,0.0,2.8,0.0,0.2333333333333333,0.0,0.3,14.4,7.2,0.0,0.0,0.1,
149,Starchy roots & other starchy plant foods,Other starchy plant foods,,,potato,Kentang,IDB019,KZGPI- 1990,84.0,100.5,83.4,65.2,276.59999999999997,2.1,0.2,13.5,0.5,0.8,63.0,0.7,0.4,0.0,0.0,0.0,0.0,0.09,0.07,1.3,0.203,0.0,0.0,21.0,
150,Starchy roots & other starchy plant foods,Other starchy plant foods,,,potato flour,Tepung kentang,IDB050,DABM- 1964,100.0,100.4,13.0,345.29999999999995,1467.1999999999998,0.3,0.1,85.6,0.4,1.0,20.0,0.5,0.1,0.0,0.0,0.0,0.0,0.04,0.0,0.4,0.769,0.0,0.0,0.0,
151,Starchy roots & other starchy plant foods,Other starchy plant foods,,,sago flour,Tepung sagu,,Nutrisurvey,100.0,100.0,7.4,369.09999999999997,1568.1,0.3,0.1,91.3,0.9,0.0,2.0,0.5,0.1,0.0,0.0,0.0,0.0,0.0,0.0,0.0,0.0,0.0,0.0,0.0,
152,Sweetened snacks & desserts,"Other sweetened desserts (gelatin, non-dairy ice)",,1.0,agar-agar,agar agar 2 tanpa santan,,Nutrisurvey,100.0,101.6,77.30000000000001,124.00000000000001,518.7,0.6,6.0,16.1,1.6,0.0,3.0,0.4,0.2,0.0,0.0,,0.0,0.0,0.0,0.1,0.0,5.0,0.0,0.5,
153,Vegetables,Condiment vegetables,,,celery,Seledri,IDD158,DABM-1964,63.0,102.59999999999998,93.0,28.499999999999996,119.69999999999999,1.0,0.1,4.6,2.6,1.3,50.0,1.0,0.5,0.0,80.0,50.0,8.75,0.03,0.09,0.5,0.074,0.0,0.0,11.0,
154,Vegetables,Other vegetables,,,cabbage,Kool merah/putih mentah,IDD123,DABM-1964,75.0,102.10000000000002,92.4,32.4,136.5,1.4,0.2,5.3,1.9,0.9,46.0,0.5,0.3,0.0,47.0,33.0,5.291666666666666,0.06,0.07,0.3,0.11,20.0,0.0,50.0,
155,Vegetables,Other vegetables,,,"corn, fresh, yellow",Jagung kuning segar,,Nutrisurvey,,102.8,70.30000000000001,130.9,553.3000000000001,3.3,1.3,25.1,2.8,0.0,2.0,0.6,0.5,0.0,0.0,,0.0,0.2,0.1,1.6,0.1,46.0,0.0,6.0,
156,Vegetables,Other vegetables,,,cucumber,Ketimun mentah,IDD118,KZGPI-1990,55.0,100.30000000000001,97.9,8.799999999999999,36.99999999999999,0.2,0.2,1.4,0.3,0.3,29.0,0.8,0.2,0.0,52.0,262.0,15.25,0.01,0.05,0.3,0.04,0.0,0.0,0.7,
157,Vegetables,Other vegetables,,,french bean,Buncis mentah,IDD015,KZGPI-1990,90.0,101.9,89.6,44.9,189.49999999999997,2.4,0.3,7.2,1.9,0.5,101.0,0.7,0.4,0.0,698.0,550.0,81.0,0.05,0.4,2.8,0.06,33.0,0.0,11.0,
158,Vegetables,Other vegetables,,,leeks,Daun bawang  merah,IDD020,KZGMI-2001,,102.09999999999998,89.1,46.10000000000001,194.5,2.0,0.3,7.8,2.1,0.8,60.0,2.3,0.3,0.0,218.4,96.0,22.0,0.1,0.1,0.2,0.05,40.0,0.0,11.0,
159,Vegetables,Other vegetables,,,longbean,kacang panjang mentah,IDC040,DABM-1964,75.0,103.2,12.2,363.49999999999994,1541.3999999999996,17.3,1.5,68.6,3.2,0.4,163.0,6.9,0.4,0.0,140.0,0.0,11.666666666666666,0.57,0.21,8.4,0.06,33.0,0.0,2.0,
160,Vegetables,Other vegetables,,,mungbean sprout,Taoge,IDD159,KZGPI-1990,100.0,101.10000000000001,90.4,45.0,189.20000000000002,3.7,1.2,4.3,1.1,0.4,166.0,0.8,0.41,0.0,30.0,20.0,2.5,0.09,0.0,1.1,0.088,61.0,0.0,5.0,
161,Vegetables,Other vegetables,,,mushrooms,Jamur kuping segar,IDD095,DABM-1964,100.0,108.2,93.7,40.599999999999994,167.7,3.8,0.6,0.9,8.2,1.0,3.0,1.7,0.1,0.0,0.0,0.0,0.0,0.1,0.14,0.2,0.1,18.0,0.0,5.0,2.0
162,Vegetables,Other vegetables,,1.0,"papaya, raw, stir-fried",Tumis Buah Pepaya Muda,,Nutrisurvey,100.0,101.3,73.5,51.1,213.9,0.4,2.1,7.0,1.3,17.0,4.0,2.0,0.0,0.0,96.0,0.0,8.0,0.0,0.2,44.0,27.0,0.0,0.0,0.0,
163,Vegetables,Other vegetables,,,watercress,Selada air,IDD156,KZGPI-1990,70.0,100.7,93.3,24.400000000000002,103.10000000000001,3.1,0.2,2.2,0.7,1.2,95.0,2.4,0.11,0.0,1175.0,2552.0,204.25,0.09,0.13,0.7,0.129,0.0,0.0,56.0,
164,Vegetables,Vitamin A source dark green leafy vegetables,,,"cassava leaf, stir-fried",Daun singkong,IDD076,KZGPI-1990,67.0,102.4,84.4,67.9,286.0,6.2,1.1,7.1,2.4,1.2,166.0,1.3,2.6,0.0,3882.0,3170.0,455.58333333333337,0.04,0.1,1.8,0.34,12.0,0.0,103.0,
165,Vegetables,Vitamin A source dark green leafy vegetables,,1.0,"chinese cabbage, stir-fried",Tumis sawi,IDD151,DABM-1964,100.0,101.8,92.2,31.5,132.6,2.3,0.3,4.0,1.8,1.2,220.0,2.9,0.2,0.0,1492.0,4968.0,331.3333333333333,0.09,0.17,0.5,0.18,0.0,0.0,102.0,
166,Vegetables,Vitamin A source dark green leafy vegetables,,,pumpkin young leaf,Daun labu waluh,IDD051,DABM-1964,70.0,102.0,89.7,41.8,175.89999999999998,3.6,0.6,4.5,2.0,1.6,138.0,3.7,0.2,0.0,1050.0,1700.0,158.33333333333331,0.14,0.06,0.4,0.11,73.0,0.0,36.0,
167,Vegetables,Vitamin A source dark green leafy vegetables,,,spinach,Bayam segar,IDD008,KZGPI-1990,71.0,100.70000000000002,94.5,20.2,84.99999999999999,0.9,0.4,2.9,0.7,1.3,166.0,3.5,0.6,0.0,0.0,2293.0,95.54166666666667,0.04,0.1,1.0,0.54,104.0,0.0,41.0,
168,Vegetables,Vitamin A source dark green leafy vegetables,,,"spinach, cooked",Bayam rebus,IDD011,KZGPI-1990,100.0,101.1,93.5,27.2,114.30000000000001,1.2,0.6,3.7,1.1,1.0,150.0,0.5,0.3,0.0,0.0,2864.0,119.33333333333333,0.02,0.08,0.2,0.08,48.0,0.0,19.0,
169,Vegetables,Vitamin A source dark green leafy vegetables,,1.0,"spinach, in clear soup",Sayur bayam,,Nutrisurvey,100.0,101.2,96.39999999999999,17.8,74.8,1.5,0.2,1.9,1.2,0.0,68.0,1.8,0.4,0.0,0.0,410.0,17.083333333333332,0.1,0.1,0.3,0.1,73.0,0.0,5.0,
170,Vegetables,Vitamin A source dark green leafy vegetables,,,"spinach, red",Bayam merah,IDD010,KZGMI-2001,100.0,102.2,88.5,45.6,191.7,2.2,0.8,6.3,2.2,2.2,520.0,7.0,0.8,0.0,7325.0,519.0,632.0,0.2,0.1,0.1,0.54,104.0,0.0,62.0,
171,Vegetables,Vitamin A source dark green leafy vegetables,,1.0,"spinach, stir-fried",Tumis bayam,,Nutrisurvey,100.0,100.6,58.3,71.5,294.7,0.7,7.1,0.9,0.6,33.0,13.0,17.0,0.0,0.0,197.0,0.0,16.416666666666668,0.1,0.1,2.0,35.0,0.0,0.0,0.1,
172,Vegetables,Vitamin A source dark green leafy vegetables,,,"vegetable, leafy, in water",Sayur daun,,Nutrisurvey,100.0,100.3,89.3,68.89999999999999,286.29999999999995,1.9,5.1,3.7,0.3,0.0,106.0,1.6,0.2,0.0,0.0,,0.0,0.1,0.1,0.5,0.3,52.0,0.0,17.0,
173,Vegetables,Vitamin A source dark green leafy vegetables,,,water spinach,Kangkung,IDD107,KZGPI-1990,60.0,102.00000000000001,91.0,39.5,166.0,3.4,0.7,3.9,2.0,1.0,67.0,2.3,0.5,0.0,2741.0,2801.0,345.125,0.07,0.36,2.0,0.096,57.0,0.0,17.0,
174,Vegetables,Vitamin A source dark green leafy vegetables,,1.0,"water spinach, stir-fried",Tumis Kangkung,,Nutrisurvey,100.0,101.89999999999999,16.599999999999994,103.39999999999999,426.99999999999994,2.2,9.2,2.0,1.9,70.0,39.0,15.0,0.0,0.0,288.0,0.0,24.0,0.1,0.4,24.0,69.0,0.0,0.0,0.1,
175,Vegetables,Vitamin A source other vegetables,,,carrot,Wortel mentah,IDD180,KZGPI-1990,80.0,101.0,89.9,43.0,181.5,1.0,0.6,7.9,1.0,0.6,45.0,1.0,0.2,0.0,4346.0,2779.0,477.95833333333337,0.04,0.04,1.0,0.138,19.0,0.0,18.0,
176,Vegetables,Vitamin A source other vegetables,,,tomato,Tomat masak,IDD175,KZGPI-1990,100.0,101.5,92.9,31.5,132.5,1.3,0.5,4.7,1.5,0.6,8.0,0.6,0.2,0.0,526.0,1557.0,108.70833333333334,0.06,0.06,0.4,0.08,15.0,0.0,34.0,
