district,district_name,nutrient,unit,total,aquatic,nonaquatic,dri,pct_dri_total,pct_dri_aquatic
1,Halmahera Barat,calcium,mg,470.33,78.05,392.28,1100,42.76,7.1
1,Halmahera Barat,copper,mg,12.58,0.07,12.51,0.896666666666667,1402.96,7.73
1,Halmahera Barat,dha_epa,g,1.02,1.02,0,250,407.98,407.55
1,Halmahera Barat,iron,mg,10.86,0.62,10.24,17,63.87,3.64
1,Halmahera Barat,niacin,mg,23.04,4.82,18.23,14,164.58,34.39
1,Halmahera Barat,phosphorus,mg,794.12,117.28,676.84,883.333333333333,89.9,13.28
1,Halmahera Barat,potassium,mg,1512.93,268.36,1244.57,2500,60.52,10.73
1,Halmahera Barat,protein,g,43.55,8.37,35.18,46,94.68,18.2
1,Halmahera Barat,riboflavin,mg,53.36,52.46,0.9,1.06666666666667,5002.56,4918.52
1,Halmahera Barat,thiamin,mg,1.8,0.05,1.75,1.06666666666667,169.05,4.6
1,Halmahera Barat,zinc,mg,6.31,0.98,5.33,8.33333333333333,75.74,11.73
2,Halmahera Tengah,calcium,mg,504.55,133.62,370.93,1100,45.87,12.15
2,Halmahera Tengah,copper,mg,17.06,0.07,16.99,0.896666666666667,1902.87,7.66
2,Halmahera Tengah,dha_epa,g,2.13,2.13,0,250,851.26,850.7
2,Halmahera Tengah,iron,mg,9.95,0.78,9.17,17,58.52,4.57
2,Halmahera Tengah,niacin,mg,15.77,5.96,9.81,14,112.63,42.58
2,Halmahera Tengah,phosphorus,mg,729.63,133.19,596.43,883.333333333333,82.6,15.08
2,Halmahera Tengah,potassium,mg,1277.24,312.15,965.09,2500,51.09,12.49
2,Halmahera Tengah,protein,g,41.17,10.4,30.78,46,89.51,22.6
2,Halmahera Tengah,riboflavin,mg,62.96,61.81,1.16,1.06666666666667,5902.62,5794.31
2,Halmahera Tengah,thiamin,mg,1.63,0.06,1.58,1.06666666666667,153.08,5.37
2,Halmahera Tengah,zinc,mg,5.61,0.98,4.62,8.33333333333333,67.29,11.8
3,Kepulauan Sula,calcium,mg,479.13,161.74,317.39,1100,43.56,14.7
3,Kepulauan Sula,copper,mg,6.55,0.08,6.47,0.896666666666667,730.13,8.68
3,Kepulauan Sula,dha_epa,g,2.55,2.55,0,250,1020.59,1019.79
3,Kepulauan Sula,iron,mg,9.6,0.83,8.77,17,56.45,4.87
3,Kepulauan Sula,niacin,mg,31.67,6.06,25.61,14,226.24,43.29
3,Kepulauan Sula,phosphorus,mg,750.84,133.96,616.88,883.333333333333,85,15.17
3,Kepulauan Sula,potassium,mg,1160.25,319.75,840.5,2500,46.41,12.79
3,Kepulauan Sula,protein,g,41.65,10.3,31.35,46,90.55,22.38
3,Kepulauan Sula,riboflavin,mg,69.26,68.42,0.84,1.06666666666667,6492.98,6414.29
3,Kepulauan Sula,thiamin,mg,1.49,0.06,1.43,1.06666666666667,139.35,5.52
3,Kepulauan Sula,zinc,mg,5.44,1.04,4.4,8.33333333333333,65.27,12.51
4,Halmahera Selatan,calcium,mg,442.86,128.5,314.37,1100,40.26,11.68
4,Halmahera Selatan,copper,mg,13.7,0.07,13.62,0.896666666666667,1527.42,7.96
4,Halmahera Selatan,dha_epa,g,2.04,2.04,0,250,814.93,814.86
4,Halmahera Selatan,iron,mg,9.28,0.79,8.49,17,54.61,4.64
4,Halmahera Selatan,niacin,mg,23.76,5.97,17.8,14,169.75,42.63
4,Halmahera Selatan,phosphorus,mg,687.37,139.27,548.11,883.333333333333,77.82,15.77
4,Halmahera Selatan,potassium,mg,1404.1,307.55,1096.55,2500,56.16,12.3
4,Halmahera Selatan,protein,g,38.35,10.55,27.8,46,83.37,22.94
4,Halmahera Selatan,riboflavin,mg,69.39,68.7,0.7,1.06666666666667,6505.62,6440.43
4,Halmahera Selatan,thiamin,mg,1.69,0.06,1.63,1.06666666666667,158.53,5.54
4,Halmahera Selatan,zinc,mg,5.28,1.02,4.26,8.33333333333333,63.34,12.24
5,Halmahera Utara,calcium,mg,449.78,90.28,359.5,1100,40.89,8.21
5,Halmahera Utara,copper,mg,9.4,0.05,9.35,0.896666666666667,1048.57,5.66
5,Halmahera Utara,dha_epa,g,1.41,1.41,0,250,565.48,565.43
5,Halmahera Utara,iron,mg,9.86,0.61,9.24,17,57.98,3.61
5,Halmahera Utara,niacin,mg,17.44,4.87,12.57,14,124.54,34.76
5,Halmahera Utara,phosphorus,mg,700.81,112.17,588.64,883.333333333333,79.34,12.7
5,Halmahera Utara,potassium,mg,1192.11,247.04,945.07,2500,47.68,9.88
5,Halmahera Utara,protein,g,39.84,8.64,31.21,46,86.61,18.77
5,Halmahera Utara,riboflavin,mg,50.34,49.61,0.72,1.06666666666667,4718.96,4651.19
5,Halmahera Utara,thiamin,mg,1.64,0.05,1.59,1.06666666666667,154.02,4.61
5,Halmahera Utara,zinc,mg,5.29,0.77,4.52,8.33333333333333,63.53,9.25
6,Halmahera Timur,calcium,mg,544.36,158.6,385.76,1100,49.49,14.42
6,Halmahera Timur,copper,mg,13.16,0.08,13.08,0.896666666666667,1467.55,9.23
6,Halmahera Timur,dha_epa,g,2.41,2.41,0,250,962.91,962.81
6,Halmahera Timur,iron,mg,10.35,0.86,9.49,17,60.89,5.06
6,Halmahera Timur,niacin,mg,15.99,5.63,10.36,14,114.2,40.19
6,Halmahera Timur,phosphorus,mg,730.36,111.82,618.54,883.333333333333,82.68,12.66
6,Halmahera Timur,potassium,mg,1397.58,328.39,1069.19,2500,55.9,13.14
6,Halmahera Timur,protein,g,41.77,9.2,32.57,46,90.8,20
6,Halmahera Timur,riboflavin,mg,58.99,58.08,0.91,1.06666666666667,5530.25,5445.18
6,Halmahera Timur,thiamin,mg,1.21,0.05,1.16,1.06666666666667,113.67,4.66
6,Halmahera Timur,zinc,mg,5.88,1.08,4.8,8.33333333333333,70.51,12.96
7,Pulau Morotai,calcium,mg,402.08,41.82,360.26,1100,36.55,3.8
7,Pulau Morotai,copper,mg,12.91,0.05,12.85,0.896666666666667,1439.27,5.79
7,Pulau Morotai,dha_epa,g,0.52,0.52,0,250,209.72,209.72
7,Pulau Morotai,iron,mg,9.86,0.46,9.4,17,57.99,2.68
7,Pulau Morotai,niacin,mg,14.98,3.99,10.99,14,107,28.5
7,Pulau Morotai,phosphorus,mg,690.03,102.06,587.98,883.333333333333,78.12,11.55
7,Pulau Morotai,potassium,mg,1408.18,196.72,1211.47,2500,56.33,7.87
7,Pulau Morotai,protein,g,37.96,7.48,30.48,46,82.53,16.27
7,Pulau Morotai,riboflavin,mg,44.58,43.78,0.8,1.06666666666667,4178.96,4104.38
7,Pulau Morotai,thiamin,mg,1.27,0.04,1.23,1.06666666666667,119.34,3.69
7,Pulau Morotai,zinc,mg,5.29,0.7,4.6,8.33333333333333,63.52,8.36
8,Pulau Taliabu,calcium,mg,494.97,160.98,333.98,1100,45,14.63
8,Pulau Taliabu,copper,mg,10.62,0.08,10.54,0.896666666666667,1183.93,8.88
8,Pulau Taliabu,dha_epa,g,2.4,2.4,0,250,961.12,960.81
8,Pulau Taliabu,iron,mg,10.06,0.83,9.23,17,59.19,4.89
8,Pulau Taliabu,niacin,mg,49.86,6.33,43.53,14,356.16,45.23
8,Pulau Taliabu,phosphorus,mg,736.69,144.77,591.92,883.333333333333,83.4,16.39
8,Pulau Taliabu,potassium,mg,1435.61,325.97,1109.64,2500,57.42,13.04
8,Pulau Taliabu,protein,g,41.3,10.84,30.45,46,89.78,23.58
8,Pulau Taliabu,riboflavin,mg,72.77,71.84,0.93,1.06666666666667,6821.85,6734.76
8,Pulau Taliabu,thiamin,mg,1.53,0.06,1.47,1.06666666666667,143.6,5.76
8,Pulau Taliabu,zinc,mg,5.57,1.07,4.5,8.33333333333333,66.82,12.79
71,Kota Ternate,calcium,mg,511.64,68.07,443.56,1100,46.51,6.19
71,Kota Ternate,copper,mg,10.92,0.05,10.87,0.896666666666667,1217.73,5.83
71,Kota Ternate,dha_epa,g,1.16,1.16,0,250,462.82,462.73
71,Kota Ternate,iron,mg,11.76,0.62,11.14,17,69.19,3.63
71,Kota Ternate,niacin,mg,18.24,4.95,13.29,14,130.28,35.33
71,Kota Ternate,phosphorus,mg,772.6,114.79,657.81,883.333333333333,87.46,13
71,Kota Ternate,potassium,mg,1168.75,235.97,932.78,2500,46.75,9.44
71,Kota Ternate,protein,g,43.73,8.8,34.93,46,95.06,19.13
71,Kota Ternate,riboflavin,mg,52.93,52.19,0.75,1.06666666666667,4962.51,4892.39
71,Kota Ternate,thiamin,mg,1.78,0.05,1.74,1.06666666666667,167.21,4.54
71,Kota Ternate,zinc,mg,5.77,0.78,4.99,8.33333333333333,69.27,9.35
72,Kota Tidore Kepulauan,calcium,mg,484.98,64.04,420.94,1100,44.09,5.82
72,Kota Tidore Kepulauan,copper,mg,17.87,0.06,17.81,0.896666666666667,1992.74,6.4
72,Kota Tidore Kepulauan,dha_epa,g,1.04,1.04,0,250,416.94,416.83
72,Kota Tidore Kepulauan,iron,mg,11.46,0.6,10.86,17,67.42,3.55
72,Kota Tidore Kepulauan,niacin,mg,20.02,4.93,15.08,14,142.97,35.22
72,Kota Tidore Kepulauan,phosphorus,mg,831.67,120.08,711.59,883.333333333333,94.15,13.59
72,Kota Tidore Kepulauan,potassium,mg,1403.17,244.26,1158.91,2500,56.13,9.77
72,Kota Tidore Kepulauan,protein,g,46.07,9,37.07,46,100.14,19.57
72,Kota Tidore Kepulauan,riboflavin,mg,56.87,55.8,1.07,1.06666666666667,5331.56,5231.45
72,Kota Tidore Kepulauan,thiamin,mg,2.13,0.05,2.08,1.06666666666667,200,4.57
72,Kota Tidore Kepulauan,zinc,mg,5.99,0.83,5.16,8.33333333333333,71.9,10.01
,PROVINCE,calcium,mg,476.1,103.45,372.65,1100,43.28,9.4
,PROVINCE,copper,mg,12.09,0.06,12.03,0.896666666666667,1348.75,7.13
,PROVINCE,dha_epa,g,1.61,1.61,0,250,644.4,644.2
,PROVINCE,iron,mg,10.35,0.69,9.66,17,60.91,4.07
,PROVINCE,niacin,mg,21.72,5.31,16.41,14,155.16,37.91
,PROVINCE,phosphorus,mg,739.48,122.37,617.11,883.333333333333,83.71,13.85
,PROVINCE,potassium,mg,1313.1,273.78,1039.32,2500,52.52,10.95
,PROVINCE,protein,g,41.45,9.32,32.13,46,90.1,20.26
,PROVINCE,riboflavin,mg,58.6,57.78,0.82,1.06666666666667,5494.12,5417.07
,PROVINCE,thiamin,mg,1.66,0.05,1.61,1.06666666666667,155.78,4.88
,PROVINCE,zinc,mg,5.61,0.91,4.71,8.33333333333333,67.36,10.89
