food_item_id_urut,n_records,median_g_day,max_g_day,n_implausible_volume,median_r_protein,median_r_energy,suspect_misclassification,n_implausible_fct,implausible_nutrient,value,median_across_items
164,788,7.142857142857143,292.85714285714283,33,2.973351104240287,3.665540540540542,TRUE,4,total_carotene,3284.20689655172,303.77450980392155
164,788,7.142857142857143,292.85714285714283,33,2.973351104240287,3.665540540540542,TRUE,4,beta_carotene,2209.57692307692,22.625
164,788,7.142857142857143,292.85714285714283,33,2.973351104240287,3.665540540540542,TRUE,4,vitamin_c,14.2058823529412,1
164,788,7.142857142857143,292.85714285714283,33,2.973351104240287,3.665540540540542,TRUE,4,copper,2.64703703703704,0.1725
129,4391,0.7619047619047619,20,4,0.7607282184655406,0.44394618834080773,TRUE,4,beta_carotene,6500,22.625
129,4391,0.7619047619047619,20,4,0.7607282184655406,0.44394618834080773,TRUE,4,potassium,5859.03333333333,248.25
129,4391,0.7619047619047619,20,4,0.7607282184655406,0.44394618834080773,TRUE,4,vitamin_c,108,1
129,4391,0.7619047619047619,20,4,0.7607282184655406,0.44394618834080773,TRUE,4,iron,24.9333333333333,1.62772931506849
97,1514,28.571428571428573,1000,1,0.42453297860914035,0.25516202729863063,TRUE,4,total_carotene,3085.61904761905,303.77450980392155
97,1514,28.571428571428573,1000,1,0.42453297860914035,0.25516202729863063,TRUE,4,beta_carotene,1877.69306930693,22.625
97,1514,28.571428571428573,1000,1,0.42453297860914035,0.25516202729863063,TRUE,4,vitamin_c,26.8925619834711,1
97,1514,28.571428571428573,1000,1,0.42453297860914035,0.25516202729863063,TRUE,4,copper,11.0895833333333,0.1725
128,87,3.333333333333333,28.571428571428573,0,0.7607282184655406,0.44394618834080773,TRUE,4,beta_carotene,6500,22.625
128,87,3.333333333333333,28.571428571428573,0,0.7607282184655406,0.44394618834080773,TRUE,4,potassium,5859.03333333333,248.25
128,87,3.333333333333333,28.571428571428573,0,0.7607282184655406,0.44394618834080773,TRUE,4,vitamin_c,108,1
128,87,3.333333333333333,28.571428571428573,0,0.7607282184655406,0.44394618834080773,TRUE,4,iron,24.9333333333333,1.62772931506849
70,331,17.857142857142858,95.23809523809523,0,0.4,0.4,TRUE,3,calcium,800,48.4323324541285
70,331,17.857142857142858,95.23809523809523,0,0.4,0.4,TRUE,3,vitamin_c,30,1
70,331,17.857142857142858,95.23809523809523,0,0.4,0.4,TRUE,3,riboflavin,1.31,0.116410256410256
145,4418,3.5714285714285716,14.285714285714286,0,0.25533401973530934,0.32395515882345155,TRUE,3,beta_carotene,1739.38461538462,22.625
145,4418,3.5714285714285716,14.285714285714286,0,0.25533401973530934,0.32395515882345155,TRUE,3,vitamin_c,20.1,1
145,4418,3.5714285714285716,14.285714285714286,0,0.25533401973530934,0.32395515882345155,TRUE,3,thiamin,13.4646666666667,0.1
131,1172,2.142857142857143,94.28571428571429,9,0.40650406504065034,3.488372093023256,TRUE,2,potassium,3256,248.25
131,1172,2.142857142857143,94.28571428571429,9,0.40650406504065034,3.488372093023256,TRUE,2,niacin,30.6,1.6
116,342,47.61904761904761,297.61904761904765,0,0.46296296296296297,1.4603174603174605,TRUE,2,beta_carotene,519,22.625
116,342,47.61904761904761,297.61904761904765,0,0.46296296296296297,1.4603174603174605,TRUE,2,vitamin_c,81.5,1
170,385,3.8095238095238098,51.42857142857143,7,4.8853967702726155,4.317851959361396,TRUE,1,sodium,697.555555555556,60
168,1383,7.142857142857143,95.23809523809523,5,3.6330578512396667,1.08023643528342,TRUE,1,beta_carotene,233.75,22.625
158,342,19.047619047619047,628.5714285714286,1,0.49999999999999994,0.5,TRUE,1,total_carotene,3182,303.77450980392155
113,190,35.714285714285715,142.85714285714286,0,1.0549450549450547,2.31643941342938,TRUE,1,vitamin_c,17,1
142,137,3.2142857142857144,28.571428571428573,0,0.4210526315789474,0.5122702248763646,TRUE,1,vitamin_c,24,1
148,251,7.142857142857143,71.42857142857143,0,0.3292121212121208,1.000315457413249,TRUE,1,sodium,858.25,60
171,279,7.142857142857143,57.142857142857146,0,1.8768577494692145,3.799944118468846,TRUE,1,sodium,958.25,60
169,422,5.714285714285714,125.71428571428571,20,9.41579337054335,7.333466693338672,TRUE,0,NA,NA,NA
161,432,14.285714285714286,300,15,1.54,2.1755555555555555,TRUE,0,NA,NA,NA
179,930,25.714285714285715,720,15,0.5916346687838968,0.3628427393338617,TRUE,0,NA,NA,NA
15,143,35.714285714285715,714.2857142857143,4,0.9112917762493414,2.2726348268411387,TRUE,0,NA,NA,NA
42,516,4.7023809523809526,71.42857142857143,3,2.6650232812927968,NA,TRUE,0,NA,NA,NA
48,166,5.869047619047619,238.0952380952381,3,2.3217355314177834,NA,TRUE,0,NA,NA,NA
20,843,35.714285714285715,385.7142857142857,2,0.4572823344508758,NA,TRUE,0,NA,NA,NA
36,31,14.285714285714286,178.57142857142858,2,0.35039304076134764,NA,TRUE,0,NA,NA,NA
102,1485,23.809523809523807,285.7142857142857,2,0.36454849498327757,0.34782608695652173,TRUE,0,NA,NA,NA
166,868,12.857142857142858,240,2,0.49420289855072463,2.0101839185286514,TRUE,0,NA,NA,NA
177,388,14.285714285714286,500,2,NA,2.12890625,TRUE,0,NA,NA,NA
4,231,35.714285714285715,380.9523809523809,1,0.22509803921568627,0.24571428571428572,TRUE,0,NA,NA,NA
30,11,20.408163265306122,214.28571428571428,1,0.4835220125786163,NA,TRUE,0,NA,NA,NA
167,150,9.523809523809524,114.28571428571429,1,0.3883495145631068,0.49199812045661845,TRUE,0,NA,NA,NA
178,364,14.285714285714286,171.42857142857142,1,0,0.6341896302372407,TRUE,0,NA,NA,NA
24,28,47.61904761904761,190.47619047619045,0,0.37502439024390244,NA,TRUE,0,NA,NA,NA
27,13,23.809523809523807,89.28571428571429,0,0.44672015233614737,NA,TRUE,0,NA,NA,NA
46,1,14.285714285714286,14.285714285714286,0,2.2634146341463413,NA,TRUE,0,NA,NA,NA
50,10,11.666666666666666,28.571428571428573,0,3.3391002653410524,NA,TRUE,0,NA,NA,NA
51,2,11.488095238095237,11.904761904761903,0,2.2206097580323823,NA,TRUE,0,NA,NA,NA
60,1,8.928571428571429,8.928571428571429,0,0.8874285714285715,0.46886446886446886,TRUE,0,NA,NA,NA
88,31,9.523809523809524,28.571428571428573,0,2,2.0000000000000004,TRUE,0,NA,NA,NA
149,116,5.357142857142857,50,0,0.7460674157303371,0.46555779569892475,TRUE,0,NA,NA,NA
153,3662,34.285714285714285,171.42857142857142,0,0.457089552238806,0.684322033898305,TRUE,0,NA,NA,NA
157,284,2.380952380952381,21.428571428571427,0,5.612903225806451,1.468013468013468,TRUE,0,NA,NA,NA
163,183,16.666666666666668,150,0,0.41161315131705417,0.4794994786235662,TRUE,0,NA,NA,NA
139,802,0.40816326530612246,5,2,0.9590846047156741,1.200000000000002,FALSE,4,sodium,6028.6,60
139,802,0.40816326530612246,5,2,0.9590846047156741,1.200000000000002,FALSE,4,calcium,1076.16666666667,48.4323324541285
139,802,0.40816326530612246,5,2,0.9590846047156741,1.200000000000002,FALSE,4,iron,18.9833333333333,1.62772931506849
139,802,0.40816326530612246,5,2,0.9590846047156741,1.200000000000002,FALSE,4,ash,13.3666666666667,1.05
96,3647,4.761904761904762,47.61904761904761,0,1.0012515644555695,0.8588235294117647,FALSE,4,total_carotene,11050,303.77450980392155
96,3647,4.761904761904762,47.61904761904761,0,1.0012515644555695,0.8588235294117647,FALSE,4,beta_carotene,1694,22.625
96,3647,4.761904761904762,47.61904761904761,0,1.0012515644555695,0.8588235294117647,FALSE,4,vitamin_c,70,1
96,3647,4.761904761904762,47.61904761904761,0,1.0012515644555695,0.8588235294117647,FALSE,4,fiber,15.2,1.5
74,3533,23.809523809523807,285.7142857142857,5,1.3076923076923075,0.7887323943661971,FALSE,3,total_carotene,5542,303.77450980392155
74,3533,23.809523809523807,285.7142857142857,5,1.3076923076923075,0.7887323943661971,FALSE,3,beta_carotene,2804.5,22.625
74,3533,23.809523809523807,285.7142857142857,5,1.3076923076923075,0.7887323943661971,FALSE,3,vitamin_c,20,1
83,1631,28.571428571428573,357.14285714285717,2,0.8662420382165604,0.9182389937106917,FALSE,3,total_carotene,10026,303.77450980392155
83,1631,28.571428571428573,357.14285714285717,2,0.8662420382165604,0.9182389937106917,FALSE,3,beta_carotene,5907.5,22.625
83,1631,28.571428571428573,357.14285714285717,2,0.8662420382165604,0.9182389937106917,FALSE,3,vitamin_c,159.25,1
69,290,12.857142857142858,114.28571428571429,0,0.9999999999999999,0.9922027290448343,FALSE,3,calcium,904,48.4323324541285
69,290,12.857142857142858,114.28571428571429,0,0.9999999999999999,0.9922027290448343,FALSE,3,fat,30,2.4
69,290,12.857142857142858,114.28571428571429,0,0.9999999999999999,0.9922027290448343,FALSE,3,riboflavin,1.39,0.116410256410256
77,449,16.571428571428573,142.85714285714286,0,1.1778625414989052,0.844988344988345,FALSE,3,total_carotene,4318.5,303.77450980392155
77,449,16.571428571428573,142.85714285714286,0,1.1778625414989052,0.844988344988345,FALSE,3,beta_carotene,1515.6,22.625
77,449,16.571428571428573,142.85714285714286,0,1.1778625414989052,0.844988344988345,FALSE,3,vitamin_c,37.2,1
81,315,12.857142857142858,107.14285714285714,0,1,1,FALSE,3,total_carotene,7125,303.77450980392155
81,315,12.857142857142858,107.14285714285714,0,1,1,FALSE,3,beta_carotene,3784,22.625
81,315,12.857142857142858,107.14285714285714,0,1,1,FALSE,3,vitamin_c,18,1
99,223,11.904761904761903,71.42857142857143,0,0.9405204460966545,0.8085867620751341,FALSE,3,copper,520.4,0.1725
99,223,11.904761904761903,71.42857142857143,0,0.9405204460966545,0.8085867620751341,FALSE,3,fat,44.2,2.4
99,223,11.904761904761903,71.42857142857143,0,0.9405204460966545,0.8085867620751341,FALSE,3,riboflavin,29.47,0.116410256410256
143,335,2.857142857142857,20,0,0.8,0.7129870053475935,FALSE,3,sodium,890,60
143,335,2.857142857142857,20,0,0.8,0.7129870053475935,FALSE,3,beta_carotene,357,22.625
143,335,2.857142857142857,20,0,0.8,0.7129870053475935,FALSE,3,vitamin_c,11,1
140,2095,2.380952380952381,35.714285714285715,8,0.7994987368421053,0.5181086384976527,FALSE,2,sodium,1114,60
140,2095,2.380952380952381,35.714285714285715,8,0.7994987368421053,0.5181086384976527,FALSE,2,ash,21,1.05
115,2560,71.42857142857143,1028.5714285714287,5,1.1339747166472225,1.3492545610106468,FALSE,2,vitamin_c,12.75,1
115,2560,71.42857142857143,1028.5714285714287,5,1.1339747166472225,1.3492545610106468,FALSE,2,copper,9.9625,0.1725
136,488,0.6394557823129252,8.928571428571429,5,1,0.9665071770334929,FALSE,2,calcium,630,48.4323324541285
136,488,0.6394557823129252,8.928571428571429,5,1,0.9665071770334929,FALSE,2,iron,17.9,1.62772931506849
94,2698,4.761904761904762,85.71428571428571,4,1,0.8627450980392157,FALSE,2,beta_carotene,5833,22.625
94,2698,4.761904761904762,85.71428571428571,4,1,0.8627450980392157,FALSE,2,vitamin_c,18,1
73,1324,20.476190476190478,285.7142857142857,2,0.5806451612903225,0.5614035087719298,FALSE,2,beta_carotene,5012,22.625
73,1324,20.476190476190478,285.7142857142857,2,0.5806451612903225,0.5614035087719298,FALSE,2,vitamin_c,51.5,1
75,218,17.857142857142858,214.28571428571428,2,0.717948717948718,0.6,FALSE,2,beta_carotene,5022.5,22.625
75,218,17.857142857142858,214.28571428571428,2,0.717948717948718,0.6,FALSE,2,vitamin_c,33,1
86,298,24.285714285714285,285.7142857142857,2,0.7745222929936305,0.7400115807759119,FALSE,2,beta_carotene,585,22.625
86,298,24.285714285714285,285.7142857142857,2,0.7745222929936305,0.7400115807759119,FALSE,2,vitamin_c,20.5,1
119,303,40.816326530612244,800,2,0.5756732204514252,0.643922417219859,FALSE,2,vitamin_c,31,1
119,303,40.816326530612244,800,2,0.5756732204514252,0.643922417219859,FALSE,2,copper,27.1790476190476,0.1725
107,331,35.714285714285715,476.1904761904762,1,1.1005859375000009,0.9027994791666679,FALSE,2,copper,93.7157142857143,0.1725
107,331,35.714285714285715,476.1904761904762,1,1.1005859375000009,0.9027994791666679,FALSE,2,vitamin_c,33.4285714285714,1
112,1259,95.23809523809523,952.3809523809524,1,1,0.8993288590604027,FALSE,2,niacin,136.5,1.6
112,1259,95.23809523809523,952.3809523809524,1,1,0.8993288590604027,FALSE,2,vitamin_c,53,1
5,28,32.142857142857146,142.85714285714286,0,1.205825242718446,0.897196261682242,FALSE,2,total_carotene,3271.75,303.77450980392155
5,28,32.142857142857146,142.85714285714286,0,1.205825242718446,0.897196261682242,FALSE,2,beta_carotene,571.4,22.625
61,6,20.833333333333332,35.714285714285715,0,1.0293380642159164,0.9282397959183685,FALSE,2,total_carotene,28000,303.77450980392155
61,6,20.833333333333332,35.714285714285715,0,1.0293380642159164,0.9282397959183685,FALSE,2,vitamin_c,10.0909090909091,1
65,15,12.5,75,0,1.0852387944898958,1.0644257703081232,FALSE,2,beta_carotene,454,22.625
65,15,12.5,75,0,1.0852387944898958,1.0644257703081232,FALSE,2,thiamin,1.585,0.1
78,214,14.285714285714286,107.14285714285714,0,1,1,FALSE,2,beta_carotene,772,22.625
78,214,14.285714285714286,107.14285714285714,0,1,1,FALSE,2,vitamin_c,11,1
80,3270,17.857142857142858,142.85714285714286,0,0.6740244383129699,0.852442671984047,FALSE,2,beta_carotene,408.333333333333,22.625
80,3270,17.857142857142858,142.85714285714286,0,0.6740244383129699,0.852442671984047,FALSE,2,vitamin_c,24.6666666666667,1
108,739,47.61904761904761,428.57142857142856,0,0.6829524560021014,0.8236901680300885,FALSE,2,total_carotene,5136.66666666667,303.77450980392155
108,739,47.61904761904761,428.57142857142856,0,0.6829524560021014,0.8236901680300885,FALSE,2,vitamin_c,28,1
118,355,17.857142857142858,107.14285714285714,0,0.9223492313756431,1.0767696909272173,FALSE,2,beta_carotene,408.333333333333,22.625
118,355,17.857142857142858,107.14285714285714,0,0.9223492313756431,1.0767696909272173,FALSE,2,vitamin_c,24.6666666666667,1
122,3117,35.714285714285715,333.33333333333337,0,NA,0.816289592760181,FALSE,2,beta_carotene,18181,22.625
122,3117,35.714285714285715,333.33333333333337,0,NA,0.816289592760181,FALSE,2,fat,100,2.4
159,1942,21.428571428571427,900,54,1.3374655647382923,1.1470125786163523,FALSE,1,total_carotene,3140,303.77450980392155
137,1772,0.2857142857142857,10.714285714285714,10,0.9999999999999999,0.9835616438356164,FALSE,1,iron,16.4,1.62772931506849
147,3172,8.16326530612245,137.14285714285714,10,1,1.3126843657817109,FALSE,1,sodium,760,60
9,2488,57.142857142857146,1142.857142857143,7,1,1,FALSE,1,vitamin_c,31,1
160,821,11.904761904761903,285.7142857142857,6,0.9846153846153846,1.2404494382022473,FALSE,1,vitamin_c,19,1
110,1923,47.61904761904761,476.1904761904762,3,1.2857142857142858,0.9517241379310345,FALSE,1,vitamin_c,35.5,1
93,4910,3.5714285714285716,57.142857142857146,2,1,0.8482142857142856,FALSE,1,vitamin_c,15,1
10,858,47.61904761904761,857.1428571428571,1,1.1324200913241977,1.313507985209661,FALSE,1,vitamin_c,16,1
103,770,18.571428571428573,214.28571428571428,1,0.8944954128440378,0.9398382204246725,FALSE,1,ash,12.3153846153846,1.05
109,88,28.571428571428573,321.42857142857144,1,1.2073863636363635,0.957509881422925,FALSE,1,copper,117.18,0.1725
117,192,60.374149659863946,857.1428571428571,1,0.9999999999999998,1,FALSE,1,beta_carotene,315,22.625
138,365,1.1904761904761905,14.285714285714286,1,0.7297297297297297,1.1067944883870404,FALSE,1,beta_carotene,264.8,22.625
13,171,14.285714285714286,71.42857142857143,0,1.47,0.638235294117647,FALSE,1,vitamin_c,29.5,1
55,79,35.714285714285715,114.28571428571429,0,1,1.0109223300970873,FALSE,1,fat,40,2.4
56,282,35.714285714285715,142.85714285714286,0,1.7241379310344827,1.7472807220550797,FALSE,1,fat,25,2.4
57,123,35.714285714285715,142.85714285714286,0,1.7241379310344827,1.7472807220550797,FALSE,1,fat,25,2.4
59,1,50,50,0,0.6373171597633128,0.9139530079698356,FALSE,1,sodium,678.5,60
76,194,17.857142857142858,71.42857142857143,0,0.7974683544303797,0.9282700421940929,FALSE,1,beta_carotene,862,22.625
79,1137,17.857142857142858,142.85714285714286,0,1.3043478260869565,0.967741935483871,FALSE,1,vitamin_c,46,1
85,284,7.55952380952381,57.142857142857146,0,0.7049297451774232,0.7655502392344498,FALSE,1,vitamin_c,20.25,1
90,435,28.571428571428573,285.7142857142857,0,1.1692307692307693,1.0482758620689654,FALSE,1,vitamin_c,19,1
91,9,14.285714285714286,35.714285714285715,0,1.1052631578947367,0.6907894736842105,FALSE,1,vitamin_c,31,1
95,98,5.952380952380952,47.61904761904761,0,0.9930313588850174,0.8864915572232644,FALSE,1,vitamin_c,84,1
105,1,7.142857142857143,7.142857142857143,0,0.9051903365152265,0.6701428528808827,FALSE,1,copper,155.633928571429,0.1725
121,2079,35.714285714285715,142.85714285714286,0,0.8,0.8,FALSE,1,fat,98,2.4
127,144,11.160714285714285,89.28571428571429,0,2,1,FALSE,1,zinc,13.2,0.8755833333333335
135,363,1.1904761904761905,11.904761904761903,0,1,0.9422222222222223,FALSE,1,fat,63,2.4
124,NA,NA,NA,NA,NA,NA,FALSE,1,fat,82.0461538461538,2.4
111,3064,47.61904761904761,1071.4285714285713,22,0.8571428571428548,0.9219512195121955,FALSE,0,NA,NA,NA
175,809,61.224489795918366,2428.5714285714284,16,NA,NA,FALSE,0,NA,NA,NA
141,4076,0.8571428571428571,14.285714285714286,13,NA,NA,FALSE,0,NA,NA,NA
18,3069,48.57142857142857,1000,9,0.6579895963844278,NA,FALSE,0,NA,NA,NA
130,1712,3.333333333333333,57.142857142857146,9,NA,NA,FALSE,0,NA,NA,NA
63,3337,9.523809523809524,137.14285714285714,6,1,1,FALSE,0,NA,NA,NA
154,1431,8.142857142857142,100,4,1.4800281293952182,1.0477230013011434,FALSE,0,NA,NA,NA
67,219,23.809523809523807,357.14285714285717,3,0.8,0.8,FALSE,0,NA,NA,NA
17,1207,40.816326530612244,428.57142857142856,2,0.6732673267326733,NA,FALSE,0,NA,NA,NA
41,236,10.714285714285714,142.85714285714286,2,1.1642944390551753,NA,FALSE,0,NA,NA,NA
6,976,23.809523809523807,357.14285714285717,1,1,1,FALSE,0,NA,NA,NA
11,1017,35.714285714285715,400,1,0.8571428571428572,1.0868167202572347,FALSE,0,NA,NA,NA
23,14,26.785714285714285,357.14285714285717,1,0.6837606837606838,NA,FALSE,0,NA,NA,NA
29,208,42.857142857142854,785.7142857142857,1,0.862041181878907,NA,FALSE,0,NA,NA,NA
33,2003,47.61904761904761,714.2857142857143,1,0.672901784622696,NA,FALSE,0,NA,NA,NA
64,183,5.357142857142857,60.714285714285715,1,0.9621115368241804,0.9102919804465585,FALSE,0,NA,NA,NA
68,679,14.178571428571429,170.14285714285714,1,0.9998771272347485,0.9795771493196055,FALSE,0,NA,NA,NA
144,1146,0.8571428571428571,9.523809523809524,1,NA,NA,FALSE,0,NA,NA,NA
156,2740,20,250,1,1.942014742014742,0.9302923225184709,FALSE,0,NA,NA,NA
173,226,5.178571428571429,58.92857142857143,1,NA,NA,FALSE,0,NA,NA,NA
180,214,2.857142857142857,48,1,1.6666666666666667,1.6428571428571428,FALSE,0,NA,NA,NA
182,116,35.714285714285715,428.57142857142856,1,NA,NA,FALSE,0,NA,NA,NA
2,5200,200,750,0,1.0682773109243702,1.0089136490250696,FALSE,0,NA,NA,NA
3,19,30.612244897959183,178.57142857142858,0,1,1,FALSE,0,NA,NA,NA
7,1,85.71428571428571,85.71428571428571,0,0.847935412579212,1.0431733508656587,FALSE,0,NA,NA,NA
12,140,47.61904761904761,214.28571428571428,0,1.2253162106349995,0.8839644346146021,FALSE,0,NA,NA,NA
19,187,35.714285714285715,333.33333333333337,0,0.6653620352250488,NA,FALSE,0,NA,NA,NA
21,1122,42.857142857142854,428.57142857142856,0,0.909184136021789,NA,FALSE,0,NA,NA,NA
22,361,25,200,0,0.5642289783620926,NA,FALSE,0,NA,NA,NA
25,59,35.714285714285715,142.85714285714286,0,0.8077753779697623,NA,FALSE,0,NA,NA,NA
26,36,47.61904761904761,142.85714285714286,0,0.6740627353023078,NA,FALSE,0,NA,NA,NA
28,528,47.61904761904761,428.57142857142856,0,0.8587515226335412,NA,FALSE,0,NA,NA,NA
31,10,32.142857142857146,57.142857142857146,0,0.7661290322580645,NA,FALSE,0,NA,NA,NA
32,24,26.19047619047619,114.28571428571429,0,0.7666880204996797,NA,FALSE,0,NA,NA,NA
34,39,23.809523809523807,95.23809523809523,0,0.7687711653246267,NA,FALSE,0,NA,NA,NA
35,414,28.571428571428573,238.0952380952381,0,0.957256308261947,NA,FALSE,0,NA,NA,NA
37,9,28.571428571428573,71.42857142857143,0,1.3014875513947723,NA,FALSE,0,NA,NA,NA
38,4,45.238095238095234,53.57142857142857,0,0.5867596586917683,NA,FALSE,0,NA,NA,NA
39,18,7.142857142857143,42.857142857142854,0,1.3017863765766524,NA,FALSE,0,NA,NA,NA
40,23,6.5,17.857142857142858,0,1.4383561643835614,NA,FALSE,0,NA,NA,NA
43,24,4.931972789115646,28.571428571428573,0,1.4442095004266358,NA,FALSE,0,NA,NA,NA
47,39,5.535714285714286,33.333333333333336,0,1.1230770223043383,NA,FALSE,0,NA,NA,NA
53,63,23.809523809523807,85.71428571428571,0,0.9801876955161626,1.1213434452871074,FALSE,0,NA,NA,NA
54,12,28.571428571428573,95.23809523809523,0,1.0080971659919007,0.6916167664670648,FALSE,0,NA,NA,NA
58,18,17.5,142.85714285714286,0,1.1078696200252116,1.0853020978095427,FALSE,0,NA,NA,NA
66,22,12.857142857142858,57.142857142857146,0,0.5957005957005956,0.5424794352129992,FALSE,0,NA,NA,NA
82,604,28.571428571428573,285.7142857142857,0,1.0685840707964607,1.0132743362831866,FALSE,0,NA,NA,NA
84,1681,25,200,0,0.8924271844660178,0.9366527196652729,FALSE,0,NA,NA,NA
87,248,11.904761904761903,47.61904761904761,0,0.9999999999999999,1,FALSE,0,NA,NA,NA
89,267,23.809523809523807,142.85714285714286,0,1,0.8947368421052633,FALSE,0,NA,NA,NA
92,4995,5,47.61904761904761,0,1.0000000000000002,0.8478260869565217,FALSE,0,NA,NA,NA
100,5,8.571428571428571,35.714285714285715,0,1.3835616438356164,1.118395303326809,FALSE,0,NA,NA,NA
101,64,33.57142857142857,95.23809523809523,0,1.0637400077950168,0.9944840139269607,FALSE,0,NA,NA,NA
114,180,47.61904761904761,428.57142857142856,0,0.9333333333333333,0.7950617283950617,FALSE,0,NA,NA,NA
123,2047,28.571428571428573,228.57142857142858,0,1.2158785082660515,1.7723366842506885,FALSE,0,NA,NA,NA
126,5119,23.809523809523807,142.85714285714286,0,NA,0.9238578680203046,FALSE,0,NA,NA,NA
134,5120,3.061224489795918,14.285714285714286,0,NA,NA,FALSE,0,NA,NA,NA
152,393,17.142857142857142,128.57142857142858,0,1.65625,1.67002688172043,FALSE,0,NA,NA,NA
155,1601,18.571428571428573,171.42857142857142,0,1.1985239852398537,1.0030184882404747,FALSE,0,NA,NA,NA
162,83,12.857142857142858,85.71428571428571,0,NA,NA,FALSE,0,NA,NA,NA
165,126,4,30,0,1.0782977273211383,0.5536368615065199,FALSE,0,NA,NA,NA
172,102,12,111.42857142857143,0,NA,NA,FALSE,0,NA,NA,NA
176,1399,1163.265306122449,7125,0,NA,NA,FALSE,0,NA,NA,NA
181,2107,28.571428571428573,212.24489795918367,0,NA,NA,FALSE,0,NA,NA,NA
71,NA,NA,NA,NA,NA,NA,FALSE,0,NA,NA,NA
132,NA,NA,NA,NA,NA,NA,FALSE,0,NA,NA,NA
150,NA,NA,NA,NA,NA,NA,FALSE,0,NA,NA,NA
174,NA,NA,NA,NA,NA,NA,FALSE,0,NA,NA,NA
