year,province,district,fish_group,species,sector,volume_ton,value_rp_million,price_rp_kg
2020,MALUKU UTARA,KOTA TERNATE,CAKALANG,CAKALANG,LAUT,24088.44,548067,22752
2020,MALUKU UTARA,PULAU MOROTAI,TUNA,TUNA SIRIP KUNING; MADIDIHANG,LAUT,11380.37,231545,20346
2020,MALUKU UTARA,KOTA TIDORE KEPULAUAN,LAYANG,LAYANG BIRU,LAUT,8081.29,121430,15026
2020,MALUKU UTARA,HALMAHERA SELATAN,KAKAP,KAKAP MERAH,LAUT,7149.14,178728,25000
2020,MALUKU UTARA,KOTA TIDORE KEPULAUAN,CAKALANG,CAKALANG,LAUT,6916.88,139070,20106
2020,MALUKU UTARA,HALMAHERA BARAT,LAYANG,LAYANG BIRU,LAUT,6879.31,137586,20000
2020,MALUKU UTARA,HALMAHERA SELATAN,KACI-KACI,KAKAP PUTIH,LAUT,6843.84,171096,25000
2020,MALUKU UTARA,KOTA TIDORE KEPULAUAN,TUNA,TUNA SIRIP KUNING; MADIDIHANG,LAUT,6582.15,131679,20005
2020,MALUKU UTARA,HALMAHERA BARAT,KEMBUNG,KEMBUNG LELAKI,LAUT,6305.01,126100,20000
2020,MALUKU UTARA,KEPULAUAN SULA,CAKALANG,CAKALANG,LAUT,6111.57,122231,20000
2020,MALUKU UTARA,HALMAHERA TENGAH,LAYANG,LAYANG BIRU,LAUT,5804.69,116094,20000
2020,MALUKU UTARA,PULAU TALIABU,LAYANG,LAYANG BIRU,LAUT,5396.97,107939,20000
2020,MALUKU UTARA,KOTA TIDORE KEPULAUAN,TONGKOL,TONGKOL KOMO,LAUT,5216.74,87528,16778
2020,MALUKU UTARA,KEPULAUAN SULA,TUNA,TUNA SIRIP KUNING; MADIDIHANG,LAUT,4966.56,99331,20000
2020,MALUKU UTARA,KOTA TERNATE,KERAPU,KERAPU MERAH BINTIK BIRU,LAUT,4501.63,157557,35000
2020,MALUKU UTARA,HALMAHERA SELATAN,LAYANG,LAYANG BIRU,LAUT,4329.3,76303,17625
2020,MALUKU UTARA,HALMAHERA TENGAH,KEMBUNG,KEMBUNG LELAKI,LAUT,4224.54,84491,20000
2020,MALUKU UTARA,HALMAHERA UTARA,CAKALANG,CAKALANG,LAUT,4082.52,98434,24111
2020,MALUKU UTARA,KOTA TIDORE KEPULAUAN,LAYANG,LAYANG ANGGUR,LAUT,3975.28,59629,15000
2020,MALUKU UTARA,HALMAHERA BARAT,SELAR,SELAR BENTONG,LAUT,3932.07,78641,20000
2020,MALUKU UTARA,PULAU TALIABU,CAKALANG,CAKALANG,LAUT,3847.54,76951,20000
2020,MALUKU UTARA,PULAU TALIABU,TONGKOL,TONGKOL ABU-ABU,LAUT,3791.48,75830,20000
2020,MALUKU UTARA,HALMAHERA SELATAN,KURISI,KURISI,LAUT,3786,94650,25000
2020,MALUKU UTARA,KOTA TERNATE,TUNA,TUNA SIRIP KUNING; MADIDIHANG,LAUT,3763.44,83679,22235
2020,MALUKU UTARA,HALMAHERA SELATAN,BIJI NANGKA,KUNIRAN; BIJI NANGKA,LAUT,3558.99,85876,24129
2020,MALUKU UTARA,HALMAHERA UTARA,TUNA,TUNA SIRIP KUNING; MADIDIHANG,LAUT,3262.87,79385,24330
2020,MALUKU UTARA,HALMAHERA TIMUR,EKOR KUNING,LOLOSI PAPAN,LAUT,3163.52,103944,32857
2020,MALUKU UTARA,KOTA TERNATE,EKOR KUNING,EKOR KUNING,LAUT,3026.83,90968,30054
2020,MALUKU UTARA,KEPULAUAN SULA,KEMBUNG,KEMBUNG LELAKI,LAUT,3004.87,60097,20000
2020,MALUKU UTARA,HALMAHERA TIMUR,CUMI-CUMI,CUMI-CUMI,LAUT,2929.41,29294,10000
2020,MALUKU UTARA,HALMAHERA SELATAN,KUWE,KUWE,LAUT,2921.2,73014,24994
2020,MALUKU UTARA,HALMAHERA TIMUR,CAKALANG,CAKALANG,LAUT,2836.88,56738,20000
2020,MALUKU UTARA,HALMAHERA SELATAN,CAKALANG,CAKALANG,LAUT,2807.92,57733,20561
2020,MALUKU UTARA,HALMAHERA UTARA,TERI,TERI NASI,LAUT,2804.94,28049,10000
2020,MALUKU UTARA,HALMAHERA UTARA,CUMI-CUMI,CUMI-CUMI,LAUT,2488.87,24889,10000
2020,MALUKU UTARA,PULAU MOROTAI,LAYANG,LAYANG ANGGUR,LAUT,2448.63,48973,20000
2020,MALUKU UTARA,HALMAHERA TIMUR,KUWE,KUWE SIRIP BIRU,LAUT,2399.16,59979,25000
2020,MALUKU UTARA,HALMAHERA UTARA,LAYANG,LAYANG BIRU,LAUT,2388.47,44094,18461
2020,MALUKU UTARA,HALMAHERA SELATAN,EKOR KUNING,EKOR KUNING,LAUT,2364.19,80382,34000
2020,MALUKU UTARA,HALMAHERA SELATAN,KERAPU,KERAPU KARANG,LAUT,2311.66,75255,32554
2020,MALUKU UTARA,HALMAHERA TIMUR,TERI,TERI NASI,LAUT,2258.73,22587,10000
2020,MALUKU UTARA,HALMAHERA UTARA,TONGKOL,TONGKOL ABU-ABU,LAUT,2242.43,44849,20000
2020,MALUKU UTARA,HALMAHERA UTARA,KEMBUNG,KEMBUNG LELAKI,LAUT,2198.67,43971,19999
2020,MALUKU UTARA,HALMAHERA BARAT,CAKALANG,CAKALANG,LAUT,2150.88,43018,20000
2020,MALUKU UTARA,HALMAHERA SELATAN,TUNA,TUNA SIRIP KUNING; MADIDIHANG,LAUT,2082.16,42060,20200
2020,MALUKU UTARA,HALMAHERA TENGAH,TONGKOL,TONGKOL ABU-ABU,LAUT,2068.89,41378,20000
2020,MALUKU UTARA,HALMAHERA SELATAN,TERI,TERI NASI,LAUT,2022.03,26960,13333
2020,MALUKU UTARA,HALMAHERA UTARA,KAKAP,KAKAP MERAH,LAUT,1994.48,47651,23891
2020,MALUKU UTARA,PULAU TALIABU,KEMBUNG,KEMBUNG LELAKI,LAUT,1943.28,38866,20000
2020,MALUKU UTARA,PULAU MOROTAI,BIJI NANGKA,KUNIRAN; BIJI NANGKA,LAUT,1907.28,47652,24984
2020,MALUKU UTARA,HALMAHERA SELATAN,KURISI,KURISI BALI,LAUT,1894.25,37885,20000
2020,MALUKU UTARA,HALMAHERA TENGAH,CAKALANG,CAKALANG,LAUT,1848.24,36965,20000
2020,MALUKU UTARA,HALMAHERA SELATAN,KAKATUA,KAKATUA,LAUT,1843.13,46078,25000
2020,MALUKU UTARA,KEPULAUAN SULA,KURISI,KURISI BALI,LAUT,1825.17,43348,23750
2020,MALUKU UTARA,KOTA TIDORE KEPULAUAN,EKOR KUNING,EKOR KUNING,LAUT,1788.43,58745,32847
2020,MALUKU UTARA,HALMAHERA UTARA,EKOR KUNING,EKOR KUNING,LAUT,1732.82,49818,28750
2020,MALUKU UTARA,KOTA TIDORE KEPULAUAN,SELAR,SELAR BENTONG,LAUT,1650.33,33007,20000
2020,MALUKU UTARA,PULAU TALIABU,TERI,TERI NASI,LAUT,1645.04,16450,10000
2020,MALUKU UTARA,KEPULAUAN SULA,EKOR KUNING,LOLOSI PAPAN,LAUT,1635.29,53147,32500
2020,MALUKU UTARA,HALMAHERA TENGAH,KAKAP,KAKAP MERAH,LAUT,1584.93,31699,20000
2020,MALUKU UTARA,KOTA TERNATE,KERAPU,KERAPU KARANG,LAUT,1576.01,40910,25958
2020,MALUKU UTARA,PULAU TALIABU,KAKAP,KAKAP MERAH,LAUT,1514.53,35970,23750
2020,MALUKU UTARA,HALMAHERA SELATAN,SELAR,SELAR BENTONG,LAUT,1486.2,29724,20000
2020,MALUKU UTARA,HALMAHERA SELATAN,TONGKOL,TONGKOL ABU-ABU,LAUT,1461.6,28487,19490
2020,MALUKU UTARA,KOTA TIDORE KEPULAUAN,KEMBUNG,KEMBUNG LELAKI,LAUT,1437.72,28754,20000
2020,MALUKU UTARA,KOTA TERNATE,LAYANG,LAYANG BIRU,LAUT,1423.89,28478,20000
2020,MALUKU UTARA,HALMAHERA UTARA,JULUNG-JULUNG,JULUNG-JULUNG,LAUT,1384.58,27692,20000
2020,MALUKU UTARA,HALMAHERA TIMUR,KEMBUNG,KEMBUNG LELAKI,LAUT,1325.78,26516,20000
2020,MALUKU UTARA,HALMAHERA BARAT,TONGKOL,TONGKOL KOMO,LAUT,1317.2,26344,20000
2020,MALUKU UTARA,HALMAHERA TIMUR,TONGKOL,TONGKOL ABU-ABU,LAUT,1291.54,25831,20000
2020,MALUKU UTARA,KEPULAUAN SULA,KERAPU,KERAPU MERAH BINTIK BIRU,LAUT,1290.73,45176,35000
2020,MALUKU UTARA,KEPULAUAN SULA,BARONANG,BARONANG,LAUT,1271.75,31794,25000
2020,MALUKU UTARA,PULAU MOROTAI,KERAPU,KERAPU KARANG,LAUT,1262.7,44195,35000
2020,MALUKU UTARA,KEPULAUAN SULA,TERI,TERI NASI,LAUT,1238.96,12390,10000
2020,MALUKU UTARA,HALMAHERA TIMUR,LAYANG,LAYANG BIRU,LAUT,1177.09,23542,20000
2020,MALUKU UTARA,HALMAHERA SELATAN,JULUNG-JULUNG,JULUNG-JULUNG,LAUT,1162.31,21309,18333
2020,MALUKU UTARA,HALMAHERA SELATAN,TONGKOL,TONGKOL KOMO,LAUT,1110.44,22209,20000
2020,MALUKU UTARA,KOTA TERNATE,BIJI NANGKA,BIJI NANGKA KARANG,LAUT,1072.34,26908,25092
2020,MALUKU UTARA,HALMAHERA TENGAH,SELAR,SELAR BENTONG,LAUT,1067.54,21351,20000
2020,MALUKU UTARA,PULAU TALIABU,TONGKOL,TONGKOL KOMO,LAUT,1067.32,21346,20000
2020,MALUKU UTARA,HALMAHERA UTARA,KERAPU,KERAPU KARANG,LAUT,1062.2,35044,32992
2020,MALUKU UTARA,PULAU TALIABU,TENGGIRI,TENGGIRI PAPAN,LAUT,1057.22,21144,20000
2020,MALUKU UTARA,PULAU TALIABU,KUWE,KUWE SIRIP BIRU,LAUT,1011.8,24030,23750
2020,MALUKU UTARA,PULAU TALIABU,KERAPU,KERAPU KARANG,LAUT,988.83,32137,32500
2020,MALUKU UTARA,HALMAHERA BARAT,TERI,TERI NASI,LAUT,962.31,10442,10851
2020,MALUKU UTARA,HALMAHERA SELATAN,CUMI-CUMI,CUMI-CUMI,LAUT,959.71,15995,16667
2020,MALUKU UTARA,HALMAHERA BARAT,EKOR KUNING,LOLOSI PAPAN,LAUT,932.54,25179,27000
2020,MALUKU UTARA,HALMAHERA UTARA,BIJI NANGKA,BIJI NANGKA KARANG,LAUT,926.1,23152,25000
2020,MALUKU UTARA,HALMAHERA TENGAH,TUNA,TUNA SIRIP KUNING; MADIDIHANG,LAUT,922.24,18445,20000
2020,MALUKU UTARA,HALMAHERA SELATAN,TENGGIRI,TENGGIRI,LAUT,914.4,22860,25000
2020,MALUKU UTARA,KEPULAUAN SULA,TONGKOL,TONGKOL ABU-ABU,LAUT,904.59,18092,20000
2020,MALUKU UTARA,KOTA TERNATE,LAYANG,LAYANG LIDI; LAYAR DELES,LAUT,904.07,11864,13123
2020,MALUKU UTARA,KEPULAUAN SULA,KAKATUA,KAKATUA BIRU,LAUT,893.63,21224,23750
2020,MALUKU UTARA,HALMAHERA TIMUR,BIJI NANGKA,KUNIRAN; BIJI NANGKA,LAUT,874.66,21188,24224
2020,MALUKU UTARA,KEPULAUAN SULA,KUWE,KUWE SIRIP BIRU,LAUT,835.55,19844,23750
2020,MALUKU UTARA,HALMAHERA BARAT,TUNA,TUNA SIRIP KUNING; MADIDIHANG,LAUT,835.3,20882,25000
2020,MALUKU UTARA,PULAU MOROTAI,KAKAP,KAKAP MERAH,LAUT,825.76,20609,24958
2020,MALUKU UTARA,KEPULAUAN SULA,KAKAP,KAKAP PUTIH; BARAMUNDI,LAUT,818.97,20474,25000
2020,MALUKU UTARA,KOTA TERNATE,TENGGIRI,TENGGIRI PAPAN,LAUT,780.37,18458,23653
2020,MALUKU UTARA,HALMAHERA UTARA,KAKAP,KAKAP PUTIH; BARAMUNDI,LAUT,766.55,19164,25000
2020,MALUKU UTARA,HALMAHERA UTARA,BARONANG,BARONANG,LAUT,759.83,18996,25000
2020,MALUKU UTARA,KEPULAUAN SULA,BIJI NANGKA,KUNIRAN; BIJI NANGKA,LAUT,750.38,17822,23750
2020,MALUKU UTARA,HALMAHERA TIMUR,KERAPU,KERAPU MERAH BINTIK BIRU,LAUT,736.98,25794,35000
2020,MALUKU UTARA,KOTA TERNATE,TONGKOL,TONGKOL ABU-ABU,LAUT,735.11,14106,19189
2020,MALUKU UTARA,HALMAHERA TENGAH,KERAPU,KERAPU KARANG,LAUT,734.09,23858,32500
2020,MALUKU UTARA,HALMAHERA SELATAN,BARONANG,BARONANG,LAUT,726.86,18113,24919
2020,MALUKU UTARA,PULAU MOROTAI,CAKALANG,CAKALANG,LAUT,723.92,14478,20000
2020,MALUKU UTARA,HALMAHERA TENGAH,BIJI NANGKA,KUNIRAN; BIJI NANGKA,LAUT,718.26,17238,24000
2020,MALUKU UTARA,HALMAHERA TENGAH,TONGKOL,TONGKOL KOMO,LAUT,694.36,13887,20000
2020,MALUKU UTARA,HALMAHERA UTARA,SELAR,SELAR BENTONG,LAUT,668.39,13368,20000
2020,MALUKU UTARA,HALMAHERA SELATAN,KAKATUA,KAKATUA BIRU,LAUT,659.81,13290,20142
2020,MALUKU UTARA,KOTA TERNATE,BIJI NANGKA,KUNIRAN; BIJI NANGKA,LAUT,656.67,13211,20118
2020,MALUKU UTARA,KEPULAUAN SULA,LAYANG,LAYANG BIRU,LAUT,646.3,12926,20000
2020,MALUKU UTARA,HALMAHERA TENGAH,KACI-KACI,KAKAP PUTIH,LAUT,641.14,12823,20000
2020,MALUKU UTARA,KEPULAUAN SULA,KAKAP,KAKAP MERAH,LAUT,638.09,15155,23750
2020,MALUKU UTARA,KEPULAUAN SULA,LENCAM,LENCAM,LAUT,605,15125,25000
2020,MALUKU UTARA,KOTA TERNATE,LAYANG,LAYANG,LAUT,597.13,7874,13186
2020,MALUKU UTARA,HALMAHERA TIMUR,KURISI,KURISI,LAUT,582.23,14556,25000
2020,MALUKU UTARA,HALMAHERA BARAT,LEMURU,TEMBANG,LAUT,576.46,5765,10000
2020,MALUKU UTARA,HALMAHERA BARAT,JULUNG-JULUNG,JULUNG-JULUNG,LAUT,573.34,7167,12500
2020,MALUKU UTARA,HALMAHERA TENGAH,JULUNG-JULUNG,JULUNG-JULUNG,LAUT,569.49,11390,20000
2020,MALUKU UTARA,HALMAHERA TENGAH,LENCAM,LENCAM,LAUT,560.23,11205,20000
2020,MALUKU UTARA,HALMAHERA TENGAH,KURISI,KURISI,LAUT,559.86,11197,20000
2020,MALUKU UTARA,HALMAHERA TIMUR,BARONANG,BARONANG,LAUT,558.89,13972,25000
2020,MALUKU UTARA,HALMAHERA SELATAN,KUWE,KUWE SIRIP BIRU,LAUT,530.62,10628,20029
2020,MALUKU UTARA,HALMAHERA TIMUR,TONGKOL,TONGKOL KOMO,LAUT,513.55,10271,20000
2020,MALUKU UTARA,KEPULAUAN SULA,JULUNG-JULUNG,JULUNG-JULUNG,LAUT,477.22,9544,20000
2020,MALUKU UTARA,PULAU TALIABU,BARONANG,BARONANG,LAUT,476.53,11913,25000
2020,MALUKU UTARA,HALMAHERA BARAT,CUMI-CUMI,CUMI-CUMI,LAUT,474.24,6639,14000
2020,MALUKU UTARA,HALMAHERA TIMUR,KAKAP,KAKAP MERAH,LAUT,471.95,11209,23750
2020,MALUKU UTARA,HALMAHERA TIMUR,BAYEMAN,KAKAKTUA PUTIH,LAUT,459.21,11480,25000
2020,MALUKU UTARA,HALMAHERA SELATAN,TENGGIRI,TENGGIRI BATANG; TENGGIRI INDIA,LAUT,457.2,9144,20000
2020,MALUKU UTARA,KOTA TERNATE,BARONANG,BARONANG,LAUT,453.76,10790,23779
2020,MALUKU UTARA,HALMAHERA UTARA,BARONANG,BARONANG ANGIN,LAUT,452.43,9049,20000
2020,MALUKU UTARA,KOTA TERNATE,KAKAP,KAKAP PUTIH; BARAMUNDI,LAUT,452.11,11303,25000
2020,MALUKU UTARA,PULAU MOROTAI,KACI-KACI,KAKAP PUTIH,LAUT,450.89,11183,24802
2020,MALUKU UTARA,KOTA TERNATE,KAKAP,KAKAP MERAH,LAUT,445.32,12434,27921
2020,MALUKU UTARA,KEPULAUAN SULA,CUMI-CUMI,CUMI-CUMI,LAUT,442.29,4976,11250
2020,MALUKU UTARA,HALMAHERA TIMUR,TENGGIRI,TENGGIRI PAPAN,LAUT,436.17,10904,25000
2020,MALUKU UTARA,HALMAHERA UTARA,KUWE,KUWE SIRIP KUNING,LAUT,432.3,10808,25000
2020,MALUKU UTARA,HALMAHERA UTARA,TONGKOL,TONGKOL KOMO,LAUT,432.01,8177,18927
2020,MALUKU UTARA,HALMAHERA BARAT,TONGKOL,TONGKOL ABU-ABU,LAUT,431.94,8639,20000
2020,MALUKU UTARA,KEPULAUAN SULA,KERAPU,KERAPU KARANG,LAUT,430.24,10756,25000
2020,MALUKU UTARA,KEPULAUAN SULA,BARONANG,BARONANG ANGIN,LAUT,423.92,8478,20000
2020,MALUKU UTARA,PULAU TALIABU,TUNA,TUNA SIRIP KUNING; MADIDIHANG,LAUT,420.41,8408,20000
2020,MALUKU UTARA,KOTA TERNATE,KEMBUNG,KEMBUNG LELAKI,LAUT,410.8,8216,20000
2020,MALUKU UTARA,KEPULAUAN SULA,SWANGGI,SWANGGI,LAUT,410.27,9744,23750
2020,MALUKU UTARA,PULAU TALIABU,JULUNG-JULUNG,JULUNG-JULUNG,LAUT,410.02,8200,20000
2020,MALUKU UTARA,PULAU MOROTAI,TENGGIRI,TENGGIRI,LAUT,404.64,10116,25000
2020,MALUKU UTARA,KOTA TERNATE,SELAR,SELAR BENTONG,LAUT,400.53,8011,20000
2020,MALUKU UTARA,PULAU TALIABU,EKOR KUNING,LOLOSI PAPAN,LAUT,380.76,11984,31474
2020,MALUKU UTARA,HALMAHERA TIMUR,JULUNG-JULUNG,JULUNG-JULUNG,LAUT,380.3,7131,18750
2020,MALUKU UTARA,HALMAHERA TIMUR,SELAR,SELAR BENTONG,LAUT,371.9,7438,20000
2020,MALUKU UTARA,HALMAHERA UTARA,BIJI NANGKA,KUNIRAN; BIJI NANGKA,LAUT,352.72,7054,20000
2020,MALUKU UTARA,PULAU TALIABU,TENGGIRI,TENGGIRI BATANG; TENGGIRI INDIA,LAUT,352.41,7048,20000
2020,MALUKU UTARA,KOTA TIDORE KEPULAUAN,EKOR KUNING,LOLOSI PAPAN,LAUT,345.77,11451,33119
2020,MALUKU UTARA,HALMAHERA TENGAH,KAKATUA,KAKATUA,LAUT,332.64,8316,25000
2020,MALUKU UTARA,HALMAHERA UTARA,TONGKOL,TONGKOL BANYAR,LAUT,324.03,6480,20000
2020,MALUKU UTARA,HALMAHERA UTARA,KAKATUA,KAKATUA BIRU,LAUT,316.33,7908,25000
2020,MALUKU UTARA,KEPULAUAN SULA,TONGKOL,TONGKOL KOMO,LAUT,301.53,6031,20000
2020,MALUKU UTARA,KEPULAUAN SULA,TENGGIRI,TENGGIRI PAPAN,LAUT,295.12,7378,25000
2020,MALUKU UTARA,KEPULAUAN SULA,LAYANG,LAYANG BENGGOL,LAUT,292.58,5852,20000
2020,MALUKU UTARA,PULAU TALIABU,BARONANG,BARONANG ANGIN,LAUT,276.98,5540,20000
2020,MALUKU UTARA,KEPULAUAN SULA,KACI-KACI,KAKAP PUTIH,LAUT,272.99,5460,20000
2020,MALUKU UTARA,HALMAHERA TIMUR,TUNA,TUNA SIRIP KUNING; MADIDIHANG,LAUT,270.62,5412,20000
2020,MALUKU UTARA,HALMAHERA TENGAH,BARONANG,BARONANG,LAUT,260.72,6518,25000
2020,MALUKU UTARA,HALMAHERA TIMUR,KAKAP,KAKAP PUTIH; BARAMUNDI,LAUT,258.06,6451,25000
2020,MALUKU UTARA,KOTA TERNATE,JULUNG-JULUNG,JULUNG-JULUNG,LAUT,258.01,5148,19953
2020,MALUKU UTARA,KEPULAUAN SULA,SELAR,SELAR BENTONG,LAUT,247.16,4943,20000
2020,MALUKU UTARA,PULAU MOROTAI,JULUNG-JULUNG,JULUNG-JULUNG,LAUT,243.28,4866,20000
2020,MALUKU UTARA,HALMAHERA UTARA,KACI-KACI,KAKAP PUTIH,LAUT,235.87,4717,20000
2020,MALUKU UTARA,KOTA TERNATE,EKOR KUNING,LOLOSI PAPAN,LAUT,234.6,6146,26196
2020,MALUKU UTARA,PULAU MOROTAI,KURISI,KURISI,LAUT,228.29,5676,24863
2020,MALUKU UTARA,HALMAHERA UTARA,EKOR KUNING,LOLOSI PAPAN,LAUT,214.42,6433,30000
2020,MALUKU UTARA,HALMAHERA UTARA,TENGGIRI,TENGGIRI BATANG; TENGGIRI INDIA,LAUT,210.95,5193,24615
2020,MALUKU UTARA,HALMAHERA TIMUR,KERAPU,KERAPU MERAH,LAUT,203.27,6098,30000
2020,MALUKU UTARA,KOTA TERNATE,KACI-KACI,KAKAP PUTIH,LAUT,200.94,4019,20000
2020,MALUKU UTARA,HALMAHERA TIMUR,KAKAP,KURISI BALI,LAUT,194.08,3882,20000
2020,MALUKU UTARA,KOTA TERNATE,BAYEMAN,KAKAKTUA PUTIH,LAUT,192.64,4575,23750
2020,MALUKU UTARA,HALMAHERA TENGAH,KURISI,KURISI BALI,LAUT,186.62,3732,20000
2020,MALUKU UTARA,KOTA TIDORE KEPULAUAN,TERI,TERI NASI,LAUT,178.5,1785,10000
2020,MALUKU UTARA,HALMAHERA SELATAN,BARONANG,BARONANG ANGIN,LAUT,177.67,3553,20000
2020,MALUKU UTARA,PULAU TALIABU,TERBANG,TERBANG; TORANI,LAUT,170.1,2211,13000
2020,MALUKU UTARA,KOTA TERNATE,TONGKOL,TONGKOL KOMO,LAUT,159.21,3184,20000
2020,MALUKU UTARA,HALMAHERA TENGAH,KAKAP,KAKAP MERAH UTARA,LAUT,158.19,3164,20000
2020,MALUKU UTARA,HALMAHERA TIMUR,KAKATUA,KAKATUA BIRU,LAUT,153.07,3061,20000
2020,MALUKU UTARA,KOTA TERNATE,CUMI-CUMI,CUMI-CUMI,LAUT,146.3,2020,13809
2020,MALUKU UTARA,HALMAHERA TIMUR,TENGGIRI,TENGGIRI BATANG; TENGGIRI INDIA,LAUT,145.39,2908,20000
2020,MALUKU UTARA,HALMAHERA UTARA,KUWE,KUWE,LAUT,144,2880,20000
2020,MALUKU UTARA,HALMAHERA SELATAN,KEMBUNG,KEMBUNG LELAKI,LAUT,143.58,2872,20000
2020,MALUKU UTARA,PULAU MOROTAI,KUWE,KUWE,LAUT,142.28,3557,25000
2020,MALUKU UTARA,KOTA TIDORE KEPULAUAN,CUMI-CUMI,CUMI-CUMI,LAUT,136.01,2040,15000
2020,MALUKU UTARA,KOTA TERNATE,SELAR,SELAR HIJAU,LAUT,133.51,2670,20000
2020,MALUKU UTARA,KOTA TERNATE,LENCAM,LENCAM,LAUT,131.75,5270,40000
2020,MALUKU UTARA,KOTA TERNATE,KUWE,KUWE,LAUT,130.6,5877,45000
2020,MALUKU UTARA,PULAU TALIABU,CUMI-CUMI,CUMI-CUMI,LAUT,128.48,1445,11250
2020,MALUKU UTARA,KOTA TIDORE KEPULAUAN,BIJI NANGKA,BIJI NANGKA KARANG,LAUT,127.26,2545,20000
2020,MALUKU UTARA,KOTA TERNATE,KAKAP,PINJALO,LAUT,117.84,4713,40000
2020,MALUKU UTARA,PULAU TALIABU,LEMURU,TEMBANG,LAUT,114.41,1144,10000
2020,MALUKU UTARA,KOTA TERNATE,KEMBUNG,KEMBUNG,LAUT,112.35,2716,24178
2020,MALUKU UTARA,HALMAHERA TIMUR,BARONANG,BARONANG ANGIN,LAUT,110.53,2211,20000
2020,MALUKU UTARA,KOTA TERNATE,TONGKOL,TONGKOL,LAUT,105.03,1398,13310
2020,MALUKU UTARA,PULAU MOROTAI,TONGKOL,TONGKOL KOMO,LAUT,104.4,2088,20000
2020,MALUKU UTARA,PULAU MOROTAI,TERI,TERI NASI,LAUT,100.42,1130,11250
2020,MALUKU UTARA,KEPULAUAN SULA,TENGGIRI,TENGGIRI BATANG; TENGGIRI INDIA,LAUT,98.37,1967,20000
2020,MALUKU UTARA,KOTA TERNATE,KUWE,KUWE SIRIP BIRU,LAUT,87.69,2083,23750
2020,MALUKU UTARA,HALMAHERA BARAT,KAKAP,KAKAP MERAH,LAUT,87.34,2074,23750
2020,MALUKU UTARA,HALMAHERA TIMUR,KACI-KACI,KAKAP PUTIH,LAUT,86.02,1720,20000
2020,MALUKU UTARA,KOTA TIDORE KEPULAUAN,BARONANG,BARONANG,LAUT,85.95,1719,20000
2020,MALUKU UTARA,HALMAHERA UTARA,LENCAM,LENCAM,LAUT,85.32,2133,25000
2020,MALUKU UTARA,PULAU MOROTAI,LAYANG,LAYANG BIRU,LAUT,79.3,1586,20000
2020,MALUKU UTARA,KOTA TERNATE,KURISI,KERISI,LAUT,69.35,2774,40000
2020,MALUKU UTARA,KOTA TERNATE,TERI,TERI NASI,LAUT,68.94,689,10000
2020,MALUKU UTARA,HALMAHERA BARAT,LAYUR,CENDRO,LAUT,67.31,673,10000
2020,MALUKU UTARA,KOTA TIDORE KEPULAUAN,KAKAP,KAKAP PUTIH; BARAMUNDI,LAUT,59.36,1187,20000
2020,MALUKU UTARA,KOTA TIDORE KEPULAUAN,KAKAP,KAKAP MERAH,LAUT,57.84,1157,20000
2020,MALUKU UTARA,KOTA TIDORE KEPULAUAN,KURISI,KURISI,LAUT,54.25,1085,20000
2020,MALUKU UTARA,KOTA TIDORE KEPULAUAN,TENGGIRI,TENGGIRI,LAUT,53.93,1079,20000
2020,MALUKU UTARA,KOTA TERNATE,KERAPU,KERAPU BATU,LAUT,53.04,2387,45000
2020,MALUKU UTARA,HALMAHERA SELATAN,TUNA,TUNA MATA BESAR,LAUT,52.86,1579,29871
2020,MALUKU UTARA,HALMAHERA UTARA,BAYEMAN,KAKAKTUA PUTIH,LAUT,52.72,1054,20000
2020,MALUKU UTARA,KOTA TIDORE KEPULAUAN,KERAPU,KERAPU KARANG,LAUT,50.87,1281,25190
2020,MALUKU UTARA,KOTA TERNATE,KURISI,KURISI,LAUT,48.91,1957,40000
2020,MALUKU UTARA,HALMAHERA BARAT,KACI-KACI,KAKAP PUTIH,LAUT,48.17,1204,25000
2020,MALUKU UTARA,HALMAHERA BARAT,KERAPU,KERAPU,LAUT,47.48,1662,35000
2020,MALUKU UTARA,KOTA TERNATE,TERI,TERI BULU AYAM,LAUT,45.96,460,10000
2020,MALUKU UTARA,KOTA TIDORE KEPULAUAN,LEMURU,TEMBANG,LAUT,45.59,513,11260
2020,MALUKU UTARA,HALMAHERA TIMUR,KERAPU,KERAPU KARANG,LAUT,42.39,1060,25000
2020,MALUKU UTARA,KOTA TIDORE KEPULAUAN,BIJI NANGKA,KUNIRAN; BIJI NANGKA,LAUT,39.64,793,20000
2020,MALUKU UTARA,KOTA TERNATE,TERI,TERI MEREK,LAUT,38.17,458,12000
2020,MALUKU UTARA,HALMAHERA TENGAH,KAKATUA,KAKATUA BIRU,LAUT,36.96,739,20000
2020,MALUKU UTARA,PULAU MOROTAI,SELAR,SELAR HIJAU,LAUT,34.8,696,20000
2020,MALUKU UTARA,HALMAHERA TENGAH,BARONANG,BARONANG ANGIN,LAUT,28.97,579,20000
2020,MALUKU UTARA,KOTA TERNATE,LAYUR,LAYUR,LAUT,25.87,475,18358
2020,MALUKU UTARA,KOTA TERNATE,SUNGLIR,SUNGLIR,LAUT,23.91,482,20153
2020,MALUKU UTARA,PULAU MOROTAI,KUWE,KUWE SIRIP BIRU,LAUT,23.71,593,25000
2020,MALUKU UTARA,HALMAHERA BARAT,JULUNG-JULUNG,CENDRO,LAUT,22.44,337,15000
2020,MALUKU UTARA,KOTA TIDORE KEPULAUAN,KACI-KACI,KAKAP PUTIH,LAUT,19.71,394,20000
2020,MALUKU UTARA,KOTA TIDORE KEPULAUAN,TENGGIRI,TENGGIRI PAPAN,LAUT,18.4,368,20000
2020,MALUKU UTARA,KOTA TERNATE,BAWAL,BAWAL HITAM,LAUT,17.62,529,30000
2020,MALUKU UTARA,HALMAHERA BARAT,KAKAP,KAKAP PUTIH; BARAMUNDI,LAUT,16.06,321,20000
2020,MALUKU UTARA,HALMAHERA BARAT,KERAPU,KERAPU BATU,LAUT,15.83,396,25000
2020,MALUKU UTARA,KOTA TERNATE,SELAR,SELAR KUNING,LAUT,14.45,351,24263
2020,MALUKU UTARA,KOTA TERNATE,LEMURU,TEMBANG,LAUT,13.99,149,10669
2020,MALUKU UTARA,KOTA TERNATE,KAKATUA,KAKATUA,LAUT,13.43,403,30000
2020,MALUKU UTARA,HALMAHERA SELATAN,EKOR KUNING,LOLOSI PAPAN,LAUT,10.77,264,24530
2020,MALUKU UTARA,HALMAHERA SELATAN,BARONANG,BARONANG KUNYIT,LAUT,9.73,238,24413
2020,MALUKU UTARA,HALMAHERA SELATAN,BIJI NANGKA,BIJI NANGKA KARANG,LAUT,7.45,171,22987
2020,MALUKU UTARA,KOTA TIDORE KEPULAUAN,KAKATUA,KAKATUA,LAUT,6.87,137,20000
2020,MALUKU UTARA,HALMAHERA SELATAN,TONGKOL,TONGKOL BANYAR,LAUT,6.44,161,25000
2020,MALUKU UTARA,KOTA TIDORE KEPULAUAN,LAYANG,LAYANG LIDI; LAYAR DELES,LAUT,6.08,91,15000
2020,MALUKU UTARA,HALMAHERA SELATAN,BAYEMAN,KAKAKTUA PUTIH,LAUT,5.71,57,10000
2020,MALUKU UTARA,KOTA TIDORE KEPULAUAN,TONGKOL,TONGKOL ABU-ABU,LAUT,5.52,138,25000
2020,MALUKU UTARA,KOTA TERNATE,SWANGGI,SWANGGI,LAUT,4.86,194,40000
2020,MALUKU UTARA,KOTA TERNATE,TENGGIRI,TENGGIRI,LAUT,4.67,93,20000
2020,MALUKU UTARA,HALMAHERA SELATAN,BAWAL,BAWAL HITAM,LAUT,4.49,98,21752
2020,MALUKU UTARA,KOTA TERNATE,BARONANG,BARONANG HITAM,LAUT,4.05,121,30000
2020,MALUKU UTARA,HALMAHERA TENGAH,EKOR KUNING,LOLOSI PAPAN,LAUT,3.73,79,21252
2020,MALUKU UTARA,KOTA TIDORE KEPULAUAN,BAYEMAN,KAKAKTUA PUTIH,LAUT,3.55,77,21789
2020,MALUKU UTARA,HALMAHERA SELATAN,KAKAP,KAKAP,LAUT,2.56,69,26916
2020,MALUKU UTARA,HALMAHERA SELATAN,KAKAP,KAKAP BATU,LAUT,2.29,57,25000
2020,MALUKU UTARA,HALMAHERA SELATAN,KERAPU,KERAPU LUMPUR,LAUT,2.13,59,27887
2020,MALUKU UTARA,HALMAHERA UTARA,SELAR,SELAR HIJAU,LAUT,1.92,23,12000
2020,MALUKU UTARA,HALMAHERA SELATAN,KERAPU,KERAPU BEBEK; KERAPU TIKUS,LAUT,1.9,61,32237
2020,MALUKU UTARA,KOTA TERNATE,LAYUR,CENDRO,LAUT,1.86,22,12000
2020,MALUKU UTARA,HALMAHERA UTARA,KAKAP,PINJALO,LAUT,1.63,41,25000
2020,MALUKU UTARA,KOTA TIDORE KEPULAUAN,SELAR,SELAR KUNING,LAUT,1.44,22,15000
2020,MALUKU UTARA,HALMAHERA SELATAN,KEMBUNG,KEMBUNG,LAUT,1.08,11,10000
2020,MALUKU UTARA,HALMAHERA UTARA,KURISI,KURISI,LAUT,0.82,20,25000
2020,MALUKU UTARA,KOTA TIDORE KEPULAUAN,KUWE,KUWE SIRIP BIRU,LAUT,0.7,17,25000
2020,MALUKU UTARA,KOTA TIDORE KEPULAUAN,KAKATUA,KAKATUA BIRU,LAUT,0.61,15,25000
2020,MALUKU UTARA,KOTA TERNATE,PISANG-PISANG,PISANG-PISANG,LAUT,0.53,13,25000
2020,MALUKU UTARA,KOTA TIDORE KEPULAUAN,SELAR,TETENGKEK,LAUT,0.39,8,20000
2020,MALUKU UTARA,KOTA TIDORE KEPULAUAN,SELAR,SELAR HIJAU,LAUT,0.1,2,20000
