susenas_code,susenas_item,nutrient,value_before,value_after,method,source_table
2,"Beras (beras lokal, kualitas unggul, impor)",dha_epa_g_100g,0,0,zero_by_biology,none
3,Beras ketan,dha_epa_g_100g,0,0,zero_by_biology,none
4,Jagung basah degan kulit,dha_epa_g_100g,0,0,zero_by_biology,none
5,Jagung pipilan/beras jagung/jagung titi,dha_epa_g_100g,0,0,zero_by_biology,none
5,Jagung pipilan/beras jagung/jagung titi,retinol_mcg_100g,,0,zero_by_biology,none
6,Tepung terigu,dha_epa_g_100g,0,0,zero_by_biology,none
7,Padi-padian lainnya,dha_epa_g_100g,0,0,zero_by_biology,none
9,Ketala pohon/singkong,dha_epa_g_100g,0,0,zero_by_biology,none
10,Ketela rambat/ubi jalar,dha_epa_g_100g,0,0,zero_by_biology,none
11,Sagu (bukan dari ketela pohon),dha_epa_g_100g,0,0,zero_by_biology,none
12,Talas/keladi,dha_epa_g_100g,0,0,zero_by_biology,none
13,Kentang,dha_epa_g_100g,0,0,zero_by_biology,none
14,Gaplek,dha_epa_g_100g,0,0,zero_by_biology,none
14,Gaplek,retinol_mcg_100g,,0,zero_by_biology,none
15,Umbi-umbian lainnya,dha_epa_g_100g,0,0,zero_by_biology,none
53,Daging sapi,dha_epa_g_100g,0,0,zero_by_biology,none
54,"Daging kambing, domba/biri-biri",dha_epa_g_100g,0,0,zero_by_biology,none
55,Daging babi,dha_epa_g_100g,0,0,zero_by_biology,none
56,Daging ayam ras,dha_epa_g_100g,0,0,zero_by_biology,none
57,Daging ayam kampung,dha_epa_g_100g,0,0,zero_by_biology,none
58,Daging segar lainnya,dha_epa_g_100g,0,0,zero_by_biology,none
59,Daging diawetkan lainnya,dha_epa_g_100g,0,0,zero_by_biology,none
60,"Tetelan, sandung lamur",dha_epa_g_100g,0,0,zero_by_biology,none
61,"Lainnya ( hati, jeroan, iga, kaki, buntut, kepala, dsb)",dha_epa_g_100g,0,0,zero_by_biology,none
63,Telur ayam ras,dha_epa_g_100g,0,0,zero_by_biology,none
64,Telur ayam kampung,dha_epa_g_100g,0,0,zero_by_biology,none
64,Telur ayam kampung,vitamin_c_mg_100g,,0,borrowed,"USDA FoodData Central, SR Legacy"
65,Telur itik/telur itik manila,dha_epa_g_100g,0,0,zero_by_biology,none
65,Telur itik/telur itik manila,vitamin_c_mg_100g,,0,borrowed,"USDA FoodData Central, SR Legacy"
66,"Telur lainnya (telur puyuh, telur asin mentah maupun matang, telur penyu, telur angsa, dsb)",dha_epa_g_100g,0,0,zero_by_biology,none
67,Susu cair pabrik,dha_epa_g_100g,0,0,zero_by_biology,none
68,Susu kental manis,dha_epa_g_100g,0,0,zero_by_biology,none
69,Susu bubuk,dha_epa_g_100g,0,0,zero_by_biology,none
70,Susu bubuk bayi,dha_epa_g_100g,0,0,zero_by_biology,none
71,Susu lainnya dan hasil lain dari susu,dha_epa_g_100g,0,0,zero_by_biology,none
73,Bayam,dha_epa_g_100g,0,0,zero_by_biology,none
74,Kangkung,dha_epa_g_100g,0,0,zero_by_biology,none
74,Kangkung,retinol_mcg_100g,,0,zero_by_biology,none
75,Kol/kubis,dha_epa_g_100g,0,0,zero_by_biology,none
75,Kol/kubis,retinol_mcg_100g,,0,zero_by_biology,none
76,Sawi putih (petsai),dha_epa_g_100g,0,0,zero_by_biology,none
77,Sawi hijau,dha_epa_g_100g,0,0,zero_by_biology,none
78,Buncis,dha_epa_g_100g,0,0,zero_by_biology,none
79,Kacang panjang,dha_epa_g_100g,0,0,zero_by_biology,none
80,"Tomat sayur, tomat ceri",dha_epa_g_100g,0,0,zero_by_biology,none
80,"Tomat sayur, tomat ceri",retinol_mcg_100g,,0,zero_by_biology,none
81,Wortel,dha_epa_g_100g,0,0,zero_by_biology,none
81,Wortel,retinol_mcg_100g,,0,zero_by_biology,none
82,Mentimun,dha_epa_g_100g,0,0,zero_by_biology,none
83,Daun ketela pohon/daun singkong,dha_epa_g_100g,0,0,zero_by_biology,none
84,Terong,dha_epa_g_100g,0,0,zero_by_biology,none
85,Tauge,dha_epa_g_100g,0,0,zero_by_biology,none
86,"Labu, labu siam, labu parang",dha_epa_g_100g,0,0,zero_by_biology,none
86,"Labu, labu siam, labu parang",retinol_mcg_100g,,0,zero_by_biology,none
87,Bahan sayur sop/cap cay/ kimlo (paket),energy_kcal_100g,27,47.06,recipe,"TKPI 2020 raw ingredients, share-weighted (sheet Recipes)"
87,Bahan sayur sop/cap cay/ kimlo (paket),protein_g_100g,1.3,1.915,recipe,"TKPI 2020 raw ingredients, share-weighted (sheet Recipes)"
87,Bahan sayur sop/cap cay/ kimlo (paket),fat_g_100g,2,0.9700000000000001,recipe,"TKPI 2020 raw ingredients, share-weighted (sheet Recipes)"
87,Bahan sayur sop/cap cay/ kimlo (paket),dha_epa_g_100g,0,0,zero_by_biology,none
87,Bahan sayur sop/cap cay/ kimlo (paket),carbohydrate_g_100g,1,8.476999999999999,recipe,"TKPI 2020 raw ingredients, share-weighted (sheet Recipes)"
87,Bahan sayur sop/cap cay/ kimlo (paket),fiber_g_100g,0.3,1.795,recipe,"TKPI 2020 raw ingredients, share-weighted (sheet Recipes)"
87,Bahan sayur sop/cap cay/ kimlo (paket),ash_g_100g,2.7,1.099,recipe,"TKPI 2020 raw ingredients, share-weighted (sheet Recipes)"
87,Bahan sayur sop/cap cay/ kimlo (paket),retinol_mcg_100g,20,0,recipe,"TKPI 2020 raw ingredients, share-weighted (sheet Recipes)"
87,Bahan sayur sop/cap cay/ kimlo (paket),beta_carotene_mcg_100g,,3775.390000000001,recipe,"TKPI 2020 raw ingredients, share-weighted (sheet Recipes)"
87,Bahan sayur sop/cap cay/ kimlo (paket),thiamin_mg_100g,0.1,0.1432,recipe,"TKPI 2020 raw ingredients, share-weighted (sheet Recipes)"
87,Bahan sayur sop/cap cay/ kimlo (paket),riboflavin_mg_100g,,0.1339,recipe,"TKPI 2020 raw ingredients, share-weighted (sheet Recipes)"
87,Bahan sayur sop/cap cay/ kimlo (paket),niacin_mg_100g,,0.9500000000000001,recipe,"TKPI 2020 raw ingredients, share-weighted (sheet Recipes)"
87,Bahan sayur sop/cap cay/ kimlo (paket),vitamin_c_mg_100g,0,14.19,recipe,"TKPI 2020 raw ingredients, share-weighted (sheet Recipes)"
87,Bahan sayur sop/cap cay/ kimlo (paket),calcium_mg_100g,168,75.94999999999999,recipe,"TKPI 2020 raw ingredients, share-weighted (sheet Recipes)"
87,Bahan sayur sop/cap cay/ kimlo (paket),copper_mg_100g,,0.3246000000000001,recipe,"TKPI 2020 raw ingredients, share-weighted (sheet Recipes)"
87,Bahan sayur sop/cap cay/ kimlo (paket),iron_mg_100g,1.8,1.79,recipe,"TKPI 2020 raw ingredients, share-weighted (sheet Recipes)"
87,Bahan sayur sop/cap cay/ kimlo (paket),phosphorus_mg_100g,57,57.91999999999999,recipe,"TKPI 2020 raw ingredients, share-weighted (sheet Recipes)"
87,Bahan sayur sop/cap cay/ kimlo (paket),potassium_mg_100g,,209.234,recipe,"TKPI 2020 raw ingredients, share-weighted (sheet Recipes)"
87,Bahan sayur sop/cap cay/ kimlo (paket),sodium_mg_100g,,39.28500000000001,recipe,"TKPI 2020 raw ingredients, share-weighted (sheet Recipes)"
87,Bahan sayur sop/cap cay/ kimlo (paket),zinc_mg_100g,,0.385,recipe,"TKPI 2020 raw ingredients, share-weighted (sheet Recipes)"
87,Bahan sayur sop/cap cay/ kimlo (paket),bdd_pct,100,79.50000000000001,recipe,"TKPI 2020 raw ingredients, share-weighted (sheet Recipes)"
88,Bahan sayur asam/lodeh (paket),energy_kcal_100g,29,87.44000000000001,recipe,"TKPI 2020 raw ingredients, share-weighted (sheet Recipes)"
88,Bahan sayur asam/lodeh (paket),protein_g_100g,0.7,3.314999999999999,recipe,"TKPI 2020 raw ingredients, share-weighted (sheet Recipes)"
88,Bahan sayur asam/lodeh (paket),fat_g_100g,0.6,4.468999999999999,recipe,"TKPI 2020 raw ingredients, share-weighted (sheet Recipes)"
88,Bahan sayur asam/lodeh (paket),dha_epa_g_100g,0,0,zero_by_biology,none
88,Bahan sayur asam/lodeh (paket),carbohydrate_g_100g,5,9.498000000000001,recipe,"TKPI 2020 raw ingredients, share-weighted (sheet Recipes)"
88,Bahan sayur asam/lodeh (paket),fiber_g_100g,0.6,3.543000000000001,recipe,"TKPI 2020 raw ingredients, share-weighted (sheet Recipes)"
88,Bahan sayur asam/lodeh (paket),ash_g_100g,0.8,0.9150000000000003,recipe,"TKPI 2020 raw ingredients, share-weighted (sheet Recipes)"
88,Bahan sayur asam/lodeh (paket),retinol_mcg_100g,14,0,recipe,"TKPI 2020 raw ingredients, share-weighted (sheet Recipes)"
88,Bahan sayur asam/lodeh (paket),beta_carotene_mcg_100g,,222.28,recipe,"TKPI 2020 raw ingredients, share-weighted (sheet Recipes)"
88,Bahan sayur asam/lodeh (paket),thiamin_mg_100g,0.1,0.2367,recipe,"TKPI 2020 raw ingredients, share-weighted (sheet Recipes)"
88,Bahan sayur asam/lodeh (paket),riboflavin_mg_100g,,0.08070000000000001,recipe,"TKPI 2020 raw ingredients, share-weighted (sheet Recipes)"
88,Bahan sayur asam/lodeh (paket),niacin_mg_100g,,0.678,recipe,"TKPI 2020 raw ingredients, share-weighted (sheet Recipes)"
88,Bahan sayur asam/lodeh (paket),vitamin_c_mg_100g,0,18.88,recipe,"TKPI 2020 raw ingredients, share-weighted (sheet Recipes)"
88,Bahan sayur asam/lodeh (paket),calcium_mg_100g,40,49.73,recipe,"TKPI 2020 raw ingredients, share-weighted (sheet Recipes)"
88,Bahan sayur asam/lodeh (paket),copper_mg_100g,,0.1991,recipe,"TKPI 2020 raw ingredients, share-weighted (sheet Recipes)"
88,Bahan sayur asam/lodeh (paket),iron_mg_100g,3.1,1.454,recipe,"TKPI 2020 raw ingredients, share-weighted (sheet Recipes)"
88,Bahan sayur asam/lodeh (paket),phosphorus_mg_100g,61,77.83000000000003,recipe,"TKPI 2020 raw ingredients, share-weighted (sheet Recipes)"
88,Bahan sayur asam/lodeh (paket),potassium_mg_100g,,260.633,recipe,"TKPI 2020 raw ingredients, share-weighted (sheet Recipes)"
88,Bahan sayur asam/lodeh (paket),sodium_mg_100g,,69.07799999999999,recipe,"TKPI 2020 raw ingredients, share-weighted (sheet Recipes)"
88,Bahan sayur asam/lodeh (paket),zinc_mg_100g,,0.6680000000000001,recipe,"TKPI 2020 raw ingredients, share-weighted (sheet Recipes)"
88,Bahan sayur asam/lodeh (paket),bdd_pct,100,90.92,recipe,"TKPI 2020 raw ingredients, share-weighted (sheet Recipes)"
89,Nangka muda,dha_epa_g_100g,0,0,zero_by_biology,none
89,Nangka muda,retinol_mcg_100g,,0,zero_by_biology,none
90,Pepaya muda,dha_epa_g_100g,0,0,zero_by_biology,none
90,Pepaya muda,retinol_mcg_100g,,0,zero_by_biology,none
91,Jengkol,dha_epa_g_100g,0,0,zero_by_biology,none
91,Jengkol,retinol_mcg_100g,,0,zero_by_biology,none
91,Jengkol,beta_carotene_mcg_100g,,373,borrowed,Malaysian Food Composition Database 1997 (MyFCD)
92,Bawang merah,dha_epa_g_100g,0,0,zero_by_biology,none
92,Bawang merah,retinol_mcg_100g,,0,zero_by_biology,none
93,Bawang putih,dha_epa_g_100g,0,0,zero_by_biology,none
93,Bawang putih,retinol_mcg_100g,,0,zero_by_biology,none
94,Cabe merah,dha_epa_g_100g,0,0,zero_by_biology,none
94,Cabe merah,retinol_mcg_100g,,0,zero_by_biology,none
95,Cabe hijau,dha_epa_g_100g,0,0,zero_by_biology,none
95,Cabe hijau,retinol_mcg_100g,,0,zero_by_biology,none
96,Cabe rawit,dha_epa_g_100g,0,0,zero_by_biology,none
96,Cabe rawit,retinol_mcg_100g,,0,zero_by_biology,none
97,Sayur-sayuran lainnya,dha_epa_g_100g,0,0,zero_by_biology,none
99,Kacang tanah tanpa kulit,dha_epa_g_100g,0,0,zero_by_biology,none
100,Kacang kedele,dha_epa_g_100g,0,0,zero_by_biology,none
100,Kacang kedele,retinol_mcg_100g,,0,zero_by_biology,none
100,Kacang kedele,vitamin_c_mg_100g,,6,borrowed,"USDA FoodData Central, SR Legacy"
101,Kacang lainnya,dha_epa_g_100g,0,0,zero_by_biology,none
102,Tahu,dha_epa_g_100g,0,0,zero_by_biology,none
102,Tahu,retinol_mcg_100g,,0,zero_by_biology,none
102,Tahu,vitamin_c_mg_100g,,0.1,borrowed,"USDA FoodData Central, SR Legacy"
103,Tempe,dha_epa_g_100g,0,0,zero_by_biology,none
104,Oncom,dha_epa_g_100g,0,0,zero_by_biology,none
104,Oncom,beta_carotene_mcg_100g,,0,borrowed,TKPI 2020
104,Oncom,copper_mg_100g,,0.57,borrowed,TKPI 2020
104,Oncom,potassium_mg_100g,,234,borrowed,TKPI 2020
104,Oncom,sodium_mg_100g,,9,borrowed,TKPI 2020
104,Oncom,zinc_mg_100g,,1.7,borrowed,TKPI 2020
105,Hasil lain dari kacang-kacangan,dha_epa_g_100g,0,0,zero_by_biology,none
107,"Jeruk, jeruk bali",dha_epa_g_100g,0,0,zero_by_biology,none
107,"Jeruk, jeruk bali",retinol_mcg_100g,,0,zero_by_biology,none
108,Mangga,dha_epa_g_100g,0,0,zero_by_biology,none
109,Apel,dha_epa_g_100g,0,0,zero_by_biology,none
109,Apel,retinol_mcg_100g,,0,zero_by_biology,none
110,Rambutan,dha_epa_g_100g,0,0,zero_by_biology,none
110,Rambutan,retinol_mcg_100g,,0,zero_by_biology,none
111,"Duku, langsat",dha_epa_g_100g,0,0,zero_by_biology,none
111,"Duku, langsat",retinol_mcg_100g,,0,zero_by_biology,none
112,Durian,dha_epa_g_100g,0,0,zero_by_biology,none
112,Durian,retinol_mcg_100g,,0,zero_by_biology,none
113,Salak,dha_epa_g_100g,0,0,zero_by_biology,none
114,Pisang ambon,dha_epa_g_100g,0,0,zero_by_biology,none
114,Pisang ambon,retinol_mcg_100g,,0,zero_by_biology,none
115,Pisang lainnya,dha_epa_g_100g,0,0,zero_by_biology,none
116,Pepaya,dha_epa_g_100g,0,0,zero_by_biology,none
117,Semangka,dha_epa_g_100g,0,0,zero_by_biology,none
117,Semangka,retinol_mcg_100g,,0,zero_by_biology,none
118,Tomat buah,dha_epa_g_100g,0,0,zero_by_biology,none
118,Tomat buah,retinol_mcg_100g,,0,zero_by_biology,none
119,Buah-buahan lainnya,dha_epa_g_100g,0,0,zero_by_biology,none
121,Minyak kelapa,dha_epa_g_100g,0,0,zero_by_biology,none
122,"Minyak goreng (kelapa sawit, bunga matahari)",dha_epa_g_100g,0,0,zero_by_biology,none
122,"Minyak goreng (kelapa sawit, bunga matahari)",retinol_mcg_100g,,0,zero_by_biology,none
123,Kelapa (tidak termasuk santan instan),dha_epa_g_100g,0,0,zero_by_biology,none
124,Minyak dan kelapa lainnya,dha_epa_g_100g,0,0,zero_by_composition,none
126,Gula pasir,dha_epa_g_100g,0,0,zero_by_biology,none
127,"Gula merah, gula air (pohom aren, kelapa, lontar)",dha_epa_g_100g,0,0,zero_by_biology,none
128,Teh bubuk,dha_epa_g_100g,0,0,zero_by_biology,none
129,Teh celup (sachet),dha_epa_g_100g,0,0,zero_by_biology,none
130,"Kopi (bubuk, biji)",energy_kcal_100g,,419,borrowed,"TACO, Tabela Brasileira de Composicao de Alimentos, 4th ed. (NEPA/UNICAMP 2011), Tabela 1"
130,"Kopi (bubuk, biji)",protein_g_100g,,14.7,borrowed,"TACO, Tabela Brasileira de Composicao de Alimentos, 4th ed. (NEPA/UNICAMP 2011), Tabela 1"
130,"Kopi (bubuk, biji)",fat_g_100g,,11.9,borrowed,"TACO, Tabela Brasileira de Composicao de Alimentos, 4th ed. (NEPA/UNICAMP 2011), Tabela 1"
130,"Kopi (bubuk, biji)",dha_epa_g_100g,,0,zero_by_biology,none
130,"Kopi (bubuk, biji)",carbohydrate_g_100g,,65.8,borrowed,"TACO, Tabela Brasileira de Composicao de Alimentos, 4th ed. (NEPA/UNICAMP 2011), Tabela 1"
130,"Kopi (bubuk, biji)",fiber_g_100g,,51.2,borrowed,"TACO, Tabela Brasileira de Composicao de Alimentos, 4th ed. (NEPA/UNICAMP 2011), Tabela 1"
130,"Kopi (bubuk, biji)",ash_g_100g,,4.7,borrowed,"TACO, Tabela Brasileira de Composicao de Alimentos, 4th ed. (NEPA/UNICAMP 2011), Tabela 1"
130,"Kopi (bubuk, biji)",retinol_mcg_100g,,0,zero_by_biology,none
130,"Kopi (bubuk, biji)",beta_carotene_mcg_100g,,0,borrowed,"USDA FoodData Central, SR Legacy"
130,"Kopi (bubuk, biji)",thiamin_mg_100g,,0,borrowed,"TACO, Tabela Brasileira de Composicao de Alimentos, 4th ed. (NEPA/UNICAMP 2011), Tabela 1"
130,"Kopi (bubuk, biji)",riboflavin_mg_100g,,0,borrowed,"TACO, Tabela Brasileira de Composicao de Alimentos, 4th ed. (NEPA/UNICAMP 2011), Tabela 1"
130,"Kopi (bubuk, biji)",niacin_mg_100g,,11.89,borrowed,"TACO, Tabela Brasileira de Composicao de Alimentos, 4th ed. (NEPA/UNICAMP 2011), Tabela 1"
130,"Kopi (bubuk, biji)",vitamin_c_mg_100g,,0,borrowed,"TACO, Tabela Brasileira de Composicao de Alimentos, 4th ed. (NEPA/UNICAMP 2011), Tabela 1"
130,"Kopi (bubuk, biji)",calcium_mg_100g,,107,borrowed,"TACO, Tabela Brasileira de Composicao de Alimentos, 4th ed. (NEPA/UNICAMP 2011), Tabela 1"
130,"Kopi (bubuk, biji)",copper_mg_100g,,1.3,borrowed,"TACO, Tabela Brasileira de Composicao de Alimentos, 4th ed. (NEPA/UNICAMP 2011), Tabela 1"
130,"Kopi (bubuk, biji)",iron_mg_100g,,8.1,borrowed,"TACO, Tabela Brasileira de Composicao de Alimentos, 4th ed. (NEPA/UNICAMP 2011), Tabela 1"
130,"Kopi (bubuk, biji)",phosphorus_mg_100g,,169,borrowed,"TACO, Tabela Brasileira de Composicao de Alimentos, 4th ed. (NEPA/UNICAMP 2011), Tabela 1"
130,"Kopi (bubuk, biji)",potassium_mg_100g,,1609,borrowed,"TACO, Tabela Brasileira de Composicao de Alimentos, 4th ed. (NEPA/UNICAMP 2011), Tabela 1"
130,"Kopi (bubuk, biji)",sodium_mg_100g,,1,borrowed,"TACO, Tabela Brasileira de Composicao de Alimentos, 4th ed. (NEPA/UNICAMP 2011), Tabela 1"
130,"Kopi (bubuk, biji)",zinc_mg_100g,,0.5,borrowed,"TACO, Tabela Brasileira de Composicao de Alimentos, 4th ed. (NEPA/UNICAMP 2011), Tabela 1"
130,"Kopi (bubuk, biji)",bdd_pct,,100,borrowed,none
131,Kopi instan (sachet),dha_epa_g_100g,0,0,zero_by_biology,none
131,Kopi instan (sachet),retinol_mcg_100g,,0,zero_by_biology,none
132,Bahan minuman lainnya,dha_epa_g_100g,0,0,zero_by_biology,none
134,Garam,energy_kcal_100g,,0,borrowed,"USDA FoodData Central, Foundation"
134,Garam,protein_g_100g,,0,borrowed,"USDA FoodData Central, Foundation"
134,Garam,fat_g_100g,,0,borrowed,"USDA FoodData Central, Foundation"
134,Garam,dha_epa_g_100g,,0,zero_by_biology,none
134,Garam,carbohydrate_g_100g,,0,borrowed,"USDA FoodData Central, Foundation"
134,Garam,fiber_g_100g,,0,borrowed,"USDA FoodData Central, Foundation"
134,Garam,ash_g_100g,,99,borrowed,"USDA FoodData Central, Foundation"
134,Garam,retinol_mcg_100g,,0,borrowed,"USDA FoodData Central, Foundation"
134,Garam,beta_carotene_mcg_100g,,0,borrowed,"USDA FoodData Central, Foundation"
134,Garam,thiamin_mg_100g,,0,borrowed,"USDA FoodData Central, Foundation"
134,Garam,riboflavin_mg_100g,,0,borrowed,"USDA FoodData Central, Foundation"
134,Garam,niacin_mg_100g,,0,borrowed,"USDA FoodData Central, Foundation"
134,Garam,vitamin_c_mg_100g,,0,borrowed,"USDA FoodData Central, Foundation"
134,Garam,calcium_mg_100g,,50,borrowed,"USDA FoodData Central, Foundation"
134,Garam,copper_mg_100g,,0,borrowed,"USDA FoodData Central, Foundation"
134,Garam,iron_mg_100g,,0,borrowed,"USDA FoodData Central, Foundation"
134,Garam,phosphorus_mg_100g,,0,borrowed,"USDA FoodData Central, Foundation"
134,Garam,potassium_mg_100g,,2,borrowed,"USDA FoodData Central, Foundation"
134,Garam,sodium_mg_100g,,38700,borrowed,"USDA FoodData Central, Foundation"
134,Garam,zinc_mg_100g,,0,borrowed,"USDA FoodData Central, Foundation"
134,Garam,bdd_pct,,100,borrowed,"USDA FoodData Central, Foundation"
135,Kemiri,dha_epa_g_100g,0,0,zero_by_biology,none
135,Kemiri,retinol_mcg_100g,,0,zero_by_biology,none
136,Ketumbar/jinten,dha_epa_g_100g,0,0,zero_by_biology,none
136,Ketumbar/jinten,retinol_mcg_100g,,0,zero_by_biology,none
137,Merica/lada,dha_epa_g_100g,0,0,zero_by_biology,none
137,Merica/lada,retinol_mcg_100g,,0,zero_by_biology,none
137,Merica/lada,vitamin_c_mg_100g,,0,borrowed,"USDA FoodData Central, SR Legacy"
138,Asam,dha_epa_g_100g,0,0,zero_by_biology,none
138,Asam,retinol_mcg_100g,,0,zero_by_biology,none
139,Terasi/petis,dha_epa_g_100g,0,0,zero_by_composition,none
139,Terasi/petis,retinol_mcg_100g,,437,borrowed,Malaysian Food Composition Database 1997 (MyFCD)
140,Kecap,dha_epa_g_100g,0,0,zero_by_biology,none
140,Kecap,beta_carotene_mcg_100g,,0,borrowed,"USDA FoodData Central, SR Legacy"
140,Kecap,riboflavin_mg_100g,,0.165,borrowed,"USDA FoodData Central, SR Legacy"
140,Kecap,niacin_mg_100g,,2.2,borrowed,"USDA FoodData Central, SR Legacy"
140,Kecap,potassium_mg_100g,,435,borrowed,"USDA FoodData Central, SR Legacy"
140,Kecap,zinc_mg_100g,,0.87,borrowed,"USDA FoodData Central, SR Legacy"
141,Penyedap masakan/vetsin,energy_kcal_100g,,282,borrowed,"Ajinomoto North America, Monosodium Glutamate (MSG) Nutritional Information, Form 5092 (06/19 form; the 08/12 form prints identical values)"
141,Penyedap masakan/vetsin,protein_g_100g,,0,borrowed,"Ajinomoto North America, Monosodium Glutamate (MSG) Nutritional Information, Form 5092 (06/19 form; the 08/12 form prints identical values)"
141,Penyedap masakan/vetsin,fat_g_100g,,0,borrowed,"Ajinomoto North America, Monosodium Glutamate (MSG) Nutritional Information, Form 5092 (06/19 form; the 08/12 form prints identical values)"
141,Penyedap masakan/vetsin,dha_epa_g_100g,,0,zero_by_biology,none
141,Penyedap masakan/vetsin,carbohydrate_g_100g,,0,borrowed,"Ajinomoto North America, Monosodium Glutamate (MSG) Nutritional Information, Form 5092 (06/19 form; the 08/12 form prints identical values)"
141,Penyedap masakan/vetsin,fiber_g_100g,,0,borrowed,"Ajinomoto North America, Monosodium Glutamate (MSG) Nutritional Information, Form 5092 (06/19 form; the 08/12 form prints identical values)"
141,Penyedap masakan/vetsin,ash_g_100g,,27.8,borrowed,"Ajinomoto North America, Monosodium Glutamate (MSG) Nutritional Information, Form 5092 (06/19 form; the 08/12 form prints identical values)"
141,Penyedap masakan/vetsin,retinol_mcg_100g,,0,borrowed,"Ajinomoto North America, Monosodium Glutamate (MSG) Nutritional Information, Form 5092 (06/19 form; the 08/12 form prints identical values)"
141,Penyedap masakan/vetsin,beta_carotene_mcg_100g,,0,borrowed,"Ajinomoto North America, Monosodium Glutamate (MSG) Nutritional Information, Form 5092 (06/19 form; the 08/12 form prints identical values)"
141,Penyedap masakan/vetsin,thiamin_mg_100g,,0,zero_by_composition,"JECFA specification (FAO JECFA Monographs 1, 2006) and Commission Regulation (EU) No 231/2012, as tabulated in EFSA Journal 2017;15(7):4910"
141,Penyedap masakan/vetsin,riboflavin_mg_100g,,0,zero_by_composition,"JECFA specification (FAO JECFA Monographs 1, 2006) and Commission Regulation (EU) No 231/2012, as tabulated in EFSA Journal 2017;15(7):4910"
141,Penyedap masakan/vetsin,niacin_mg_100g,,0,zero_by_composition,"JECFA specification (FAO JECFA Monographs 1, 2006) and Commission Regulation (EU) No 231/2012, as tabulated in EFSA Journal 2017;15(7):4910"
141,Penyedap masakan/vetsin,vitamin_c_mg_100g,,0,borrowed,"Ajinomoto North America, Monosodium Glutamate (MSG) Nutritional Information, Form 5092 (06/19 form; the 08/12 form prints identical values)"
141,Penyedap masakan/vetsin,calcium_mg_100g,,21.2,borrowed,"Ajinomoto North America, Monosodium Glutamate (MSG) Nutritional Information, Form 5092 (06/19 form; the 08/12 form prints identical values)"
141,Penyedap masakan/vetsin,copper_mg_100g,,0,zero_by_composition,"JECFA specification (FAO JECFA Monographs 1, 2006) and Commission Regulation (EU) No 231/2012, as tabulated in EFSA Journal 2017;15(7):4910"
141,Penyedap masakan/vetsin,iron_mg_100g,,0.4,borrowed,"Ajinomoto North America, Monosodium Glutamate (MSG) Nutritional Information, Form 5092 (06/19 form; the 08/12 form prints identical values)"
141,Penyedap masakan/vetsin,phosphorus_mg_100g,,1.3,borrowed,"Ajinomoto North America, Monosodium Glutamate (MSG) Nutritional Information, Form 5092 (06/19 form; the 08/12 form prints identical values)"
141,Penyedap masakan/vetsin,potassium_mg_100g,,0.8,borrowed,"Ajinomoto North America, Monosodium Glutamate (MSG) Nutritional Information, Form 5092 (06/19 form; the 08/12 form prints identical values)"
141,Penyedap masakan/vetsin,sodium_mg_100g,,12300,borrowed,"Ajinomoto North America, Monosodium Glutamate (MSG) Nutritional Information, Form 5092 (06/19 form; the 08/12 form prints identical values)"
141,Penyedap masakan/vetsin,zinc_mg_100g,,0,zero_by_composition,"JECFA specification (FAO JECFA Monographs 1, 2006) and Commission Regulation (EU) No 231/2012, as tabulated in EFSA Journal 2017;15(7):4910"
141,Penyedap masakan/vetsin,bdd_pct,,100,borrowed,none
142,Sambal jadi,energy_kcal_100g,,127.42,recipe,"TKPI 2020 raw ingredients (with table salt), share-weighted (sheet Recipes)"
142,Sambal jadi,protein_g_100g,,1.059,recipe,"TKPI 2020 raw ingredients (with table salt), share-weighted (sheet Recipes)"
142,Sambal jadi,fat_g_100g,,6.271,recipe,"TKPI 2020 raw ingredients (with table salt), share-weighted (sheet Recipes)"
142,Sambal jadi,dha_epa_g_100g,,0,zero_by_biology,none
142,Sambal jadi,carbohydrate_g_100g,,16.616,recipe,"TKPI 2020 raw ingredients (with table salt), share-weighted (sheet Recipes)"
142,Sambal jadi,fiber_g_100g,,1.116,recipe,"TKPI 2020 raw ingredients (with table salt), share-weighted (sheet Recipes)"
142,Sambal jadi,ash_g_100g,,3.548999999999999,recipe,"TKPI 2020 raw ingredients (with table salt), share-weighted (sheet Recipes)"
142,Sambal jadi,retinol_mcg_100g,,0,recipe,"TKPI 2020 raw ingredients (with table salt), share-weighted (sheet Recipes)"
142,Sambal jadi,beta_carotene_mcg_100g,,4169.309999999999,recipe,"TKPI 2020 raw ingredients (with table salt), share-weighted (sheet Recipes)"
142,Sambal jadi,thiamin_mg_100g,,0.0491,recipe,"TKPI 2020 raw ingredients (with table salt), share-weighted (sheet Recipes)"
142,Sambal jadi,riboflavin_mg_100g,,0.0644,recipe,"TKPI 2020 raw ingredients (with table salt), share-weighted (sheet Recipes)"
142,Sambal jadi,niacin_mg_100g,,1.629,recipe,"TKPI 2020 raw ingredients (with table salt), share-weighted (sheet Recipes)"
142,Sambal jadi,vitamin_c_mg_100g,,16.17,recipe,"TKPI 2020 raw ingredients (with table salt), share-weighted (sheet Recipes)"
142,Sambal jadi,calcium_mg_100g,,22.54,recipe,"TKPI 2020 raw ingredients (with table salt), share-weighted (sheet Recipes)"
142,Sambal jadi,copper_mg_100g,,0.09450000000000001,recipe,"TKPI 2020 raw ingredients (with table salt), share-weighted (sheet Recipes)"
142,Sambal jadi,iron_mg_100g,,0.472,recipe,"TKPI 2020 raw ingredients (with table salt), share-weighted (sheet Recipes)"
142,Sambal jadi,phosphorus_mg_100g,,35.31,recipe,"TKPI 2020 raw ingredients (with table salt), share-weighted (sheet Recipes)"
142,Sambal jadi,potassium_mg_100g,,213.1895,recipe,"TKPI 2020 raw ingredients (with table salt), share-weighted (sheet Recipes)"
142,Sambal jadi,sodium_mg_100g,,1177.324,recipe,"TKPI 2020 raw ingredients (with table salt), share-weighted (sheet Recipes)"
142,Sambal jadi,zinc_mg_100g,,0.17,recipe,"TKPI 2020 raw ingredients (with table salt), share-weighted (sheet Recipes)"
142,Sambal jadi,bdd_pct,,91.15,recipe,"TKPI 2020 raw ingredients (with table salt), share-weighted (sheet Recipes)"
143,Saus tomat,dha_epa_g_100g,0,0,zero_by_biology,none
143,Saus tomat,retinol_mcg_100g,,0,zero_by_biology,none
144,"Bumbu masak jadi/kemasan, bumbu racikan",energy_kcal_100g,,209.2,recipe,"TKPI 2020 raw ingredients, share-weighted (sheet Recipes)"
144,"Bumbu masak jadi/kemasan, bumbu racikan",protein_g_100g,,3.943,recipe,"TKPI 2020 raw ingredients, share-weighted (sheet Recipes)"
144,"Bumbu masak jadi/kemasan, bumbu racikan",fat_g_100g,,14.499,recipe,"TKPI 2020 raw ingredients, share-weighted (sheet Recipes)"
144,"Bumbu masak jadi/kemasan, bumbu racikan",dha_epa_g_100g,,0,zero_by_biology,none
144,"Bumbu masak jadi/kemasan, bumbu racikan",carbohydrate_g_100g,,16.308,recipe,"TKPI 2020 raw ingredients, share-weighted (sheet Recipes)"
144,"Bumbu masak jadi/kemasan, bumbu racikan",fiber_g_100g,,2.734,recipe,"TKPI 2020 raw ingredients, share-weighted (sheet Recipes)"
144,"Bumbu masak jadi/kemasan, bumbu racikan",ash_g_100g,,1.343,recipe,"TKPI 2020 raw ingredients, share-weighted (sheet Recipes)"
144,"Bumbu masak jadi/kemasan, bumbu racikan",retinol_mcg_100g,,0,recipe,"TKPI 2020 raw ingredients, share-weighted (sheet Recipes)"
144,"Bumbu masak jadi/kemasan, bumbu racikan",beta_carotene_mcg_100g,,2417.23,recipe,"TKPI 2020 raw ingredients, share-weighted (sheet Recipes)"
144,"Bumbu masak jadi/kemasan, bumbu racikan",thiamin_mg_100g,,0.0811,recipe,"TKPI 2020 raw ingredients, share-weighted (sheet Recipes)"
144,"Bumbu masak jadi/kemasan, bumbu racikan",riboflavin_mg_100g,,0.0846,recipe,"TKPI 2020 raw ingredients, share-weighted (sheet Recipes)"
144,"Bumbu masak jadi/kemasan, bumbu racikan",niacin_mg_100g,,0.9480000000000001,recipe,"TKPI 2020 raw ingredients, share-weighted (sheet Recipes)"
144,"Bumbu masak jadi/kemasan, bumbu racikan",vitamin_c_mg_100g,,11.71,recipe,"TKPI 2020 raw ingredients, share-weighted (sheet Recipes)"
144,"Bumbu masak jadi/kemasan, bumbu racikan",calcium_mg_100g,,65.34,recipe,"TKPI 2020 raw ingredients, share-weighted (sheet Recipes)"
144,"Bumbu masak jadi/kemasan, bumbu racikan",copper_mg_100g,,0.1514,recipe,"TKPI 2020 raw ingredients, share-weighted (sheet Recipes)"
144,"Bumbu masak jadi/kemasan, bumbu racikan",iron_mg_100g,,1.909,recipe,"TKPI 2020 raw ingredients, share-weighted (sheet Recipes)"
144,"Bumbu masak jadi/kemasan, bumbu racikan",phosphorus_mg_100g,,76.96,recipe,"TKPI 2020 raw ingredients, share-weighted (sheet Recipes)"
144,"Bumbu masak jadi/kemasan, bumbu racikan",potassium_mg_100g,,344.188,recipe,"TKPI 2020 raw ingredients, share-weighted (sheet Recipes)"
144,"Bumbu masak jadi/kemasan, bumbu racikan",sodium_mg_100g,,20.74,recipe,"TKPI 2020 raw ingredients, share-weighted (sheet Recipes)"
144,"Bumbu masak jadi/kemasan, bumbu racikan",zinc_mg_100g,,0.4470000000000001,recipe,"TKPI 2020 raw ingredients, share-weighted (sheet Recipes)"
144,"Bumbu masak jadi/kemasan, bumbu racikan",bdd_pct,,91.08,recipe,"TKPI 2020 raw ingredients, share-weighted (sheet Recipes)"
145,"Bumbu dapur lainnya (pala, jahe, kunyit, dsb)",dha_epa_g_100g,0,0,zero_by_biology,none
147,Mie instan,energy_kcal_100g,339,440,borrowed,"USDA FoodData Central, SR Legacy"
147,Mie instan,protein_g_100g,10,10.2,borrowed,"USDA FoodData Central, SR Legacy"
147,Mie instan,fat_g_100g,1.7,17.6,borrowed,"USDA FoodData Central, SR Legacy"
147,Mie instan,dha_epa_g_100g,0,0,zero_by_biology,none
147,Mie instan,carbohydrate_g_100g,6.3,60.3,borrowed,"USDA FoodData Central, SR Legacy"
147,Mie instan,fiber_g_100g,0.4,2.9,borrowed,"USDA FoodData Central, SR Legacy"
147,Mie instan,ash_g_100g,1.4,5.45,borrowed,"USDA FoodData Central, SR Legacy"
147,Mie instan,retinol_mcg_100g,,0,borrowed,"USDA FoodData Central, SR Legacy"
147,Mie instan,beta_carotene_mcg_100g,,6,borrowed,"USDA FoodData Central, SR Legacy"
147,Mie instan,thiamin_mg_100g,0,0.448,borrowed,"USDA FoodData Central, SR Legacy"
147,Mie instan,riboflavin_mg_100g,0.08,0.255,borrowed,"USDA FoodData Central, SR Legacy"
147,Mie instan,niacin_mg_100g,2.2,5.4,borrowed,"USDA FoodData Central, SR Legacy"
147,Mie instan,vitamin_c_mg_100g,0,0.3,borrowed,"USDA FoodData Central, SR Legacy"
147,Mie instan,calcium_mg_100g,31,21,borrowed,"USDA FoodData Central, SR Legacy"
147,Mie instan,copper_mg_100g,0.29,0.126,borrowed,"USDA FoodData Central, SR Legacy"
147,Mie instan,iron_mg_100g,3.9,4.11,borrowed,"USDA FoodData Central, SR Legacy"
147,Mie instan,phosphorus_mg_100g,143,115,borrowed,"USDA FoodData Central, SR Legacy"
147,Mie instan,potassium_mg_100g,83,181,borrowed,"USDA FoodData Central, SR Legacy"
147,Mie instan,sodium_mg_100g,760,1860,borrowed,"USDA FoodData Central, SR Legacy"
147,Mie instan,zinc_mg_100g,1.9,0.6,borrowed,"USDA FoodData Central, SR Legacy"
147,Mie instan,bdd_pct,100,100,borrowed,none
148,Kerupuk,dha_epa_g_100g,0,0,zero_by_composition,none
149,Bubur bayi kemasan,energy_kcal_100g,,390,borrowed,"USDA FoodData Central, SR Legacy"
149,Bubur bayi kemasan,protein_g_100g,,6.65,borrowed,"USDA FoodData Central, SR Legacy"
149,Bubur bayi kemasan,fat_g_100g,,2.19,borrowed,"USDA FoodData Central, SR Legacy"
149,Bubur bayi kemasan,dha_epa_g_100g,,0,zero_by_biology,none
149,Bubur bayi kemasan,carbohydrate_g_100g,,83.14,borrowed,"USDA FoodData Central, SR Legacy"
149,Bubur bayi kemasan,fiber_g_100g,,1.3,borrowed,"USDA FoodData Central, SR Legacy"
149,Bubur bayi kemasan,ash_g_100g,,2.89,borrowed,"USDA FoodData Central, SR Legacy"
149,Bubur bayi kemasan,retinol_mcg_100g,,0,borrowed,"USDA FoodData Central, SR Legacy"
149,Bubur bayi kemasan,beta_carotene_mcg_100g,,0,borrowed,"USDA FoodData Central, SR Legacy"
149,Bubur bayi kemasan,thiamin_mg_100g,,1.195,borrowed,"USDA FoodData Central, SR Legacy"
149,Bubur bayi kemasan,riboflavin_mg_100g,,1.459,borrowed,"USDA FoodData Central, SR Legacy"
149,Bubur bayi kemasan,niacin_mg_100g,,23.006,borrowed,"USDA FoodData Central, SR Legacy"
149,Bubur bayi kemasan,vitamin_c_mg_100g,,2.4,borrowed,"USDA FoodData Central, SR Legacy"
149,Bubur bayi kemasan,calcium_mg_100g,,860,borrowed,"USDA FoodData Central, SR Legacy"
149,Bubur bayi kemasan,copper_mg_100g,,0.231,borrowed,"USDA FoodData Central, SR Legacy"
149,Bubur bayi kemasan,iron_mg_100g,,53.01,borrowed,"USDA FoodData Central, SR Legacy"
149,Bubur bayi kemasan,phosphorus_mg_100g,,273,borrowed,"USDA FoodData Central, SR Legacy"
149,Bubur bayi kemasan,potassium_mg_100g,,281,borrowed,"USDA FoodData Central, SR Legacy"
149,Bubur bayi kemasan,sodium_mg_100g,,32,borrowed,"USDA FoodData Central, SR Legacy"
149,Bubur bayi kemasan,zinc_mg_100g,,10.92,borrowed,"USDA FoodData Central, SR Legacy"
149,Bubur bayi kemasan,bdd_pct,,100,borrowed,none
150,Lainnya,dha_epa_g_100g,0,0,zero_by_biology,none
152,Roti tawar,dha_epa_g_100g,0,0,zero_by_biology,none
153,"Roti manis, roti lainnya",dha_epa_g_100g,0,0,zero_by_biology,none
153,"Roti manis, roti lainnya",fiber_g_100g,,3.1,borrowed,"USDA FoodData Central, SR Legacy"
153,"Roti manis, roti lainnya",copper_mg_100g,,0.097,borrowed,"USDA FoodData Central, SR Legacy"
154,"Kue kering, biskuit, semprong",dha_epa_g_100g,0,0,zero_by_biology,none
155,"Kue basah (kue lapis, bika ambon, lemper, dsb)",dha_epa_g_100g,0,0,zero_by_biology,none
156,Makanan gorengan,dha_epa_g_100g,0,0,zero_by_biology,none
157,Bubur kacang hijau,energy_kcal_100g,,133.83,recipe,"TKPI 2020 raw ingredients (with water), share-weighted (sheet Recipes)"
157,Bubur kacang hijau,protein_g_100g,,4.766999999999999,recipe,"TKPI 2020 raw ingredients (with water), share-weighted (sheet Recipes)"
157,Bubur kacang hijau,fat_g_100g,,4.409999999999999,recipe,"TKPI 2020 raw ingredients (with water), share-weighted (sheet Recipes)"
157,Bubur kacang hijau,dha_epa_g_100g,,0,zero_by_biology,none
157,Bubur kacang hijau,carbohydrate_g_100g,,19.965,recipe,"TKPI 2020 raw ingredients (with water), share-weighted (sheet Recipes)"
157,Bubur kacang hijau,fiber_g_100g,,1.47,recipe,"TKPI 2020 raw ingredients (with water), share-weighted (sheet Recipes)"
157,Bubur kacang hijau,ash_g_100g,,0.842,recipe,"TKPI 2020 raw ingredients (with water), share-weighted (sheet Recipes)"
157,Bubur kacang hijau,retinol_mcg_100g,,0,recipe,"TKPI 2020 raw ingredients (with water), share-weighted (sheet Recipes)"
157,Bubur kacang hijau,beta_carotene_mcg_100g,,28.08,recipe,"TKPI 2020 raw ingredients (with water), share-weighted (sheet Recipes)"
157,Bubur kacang hijau,thiamin_mg_100g,,0.085,recipe,"TKPI 2020 raw ingredients (with water), share-weighted (sheet Recipes)"
157,Bubur kacang hijau,riboflavin_mg_100g,,0.0525,recipe,"TKPI 2020 raw ingredients (with water), share-weighted (sheet Recipes)"
157,Bubur kacang hijau,niacin_mg_100g,,0.388,recipe,"TKPI 2020 raw ingredients (with water), share-weighted (sheet Recipes)"
157,Bubur kacang hijau,vitamin_c_mg_100g,,2.04,recipe,"TKPI 2020 raw ingredients (with water), share-weighted (sheet Recipes)"
157,Bubur kacang hijau,calcium_mg_100g,,53.27,recipe,"TKPI 2020 raw ingredients (with water), share-weighted (sheet Recipes)"
157,Bubur kacang hijau,copper_mg_100g,,0.388,recipe,"TKPI 2020 raw ingredients (with water), share-weighted (sheet Recipes)"
157,Bubur kacang hijau,iron_mg_100g,,1.742,recipe,"TKPI 2020 raw ingredients (with water), share-weighted (sheet Recipes)"
157,Bubur kacang hijau,phosphorus_mg_100g,,64.94,recipe,"TKPI 2020 raw ingredients (with water), share-weighted (sheet Recipes)"
157,Bubur kacang hijau,potassium_mg_100g,,202.843,recipe,"TKPI 2020 raw ingredients (with water), share-weighted (sheet Recipes)"
157,Bubur kacang hijau,sodium_mg_100g,,10.86,recipe,"TKPI 2020 raw ingredients (with water), share-weighted (sheet Recipes)"
157,Bubur kacang hijau,zinc_mg_100g,,0.619,recipe,"TKPI 2020 raw ingredients (with water), share-weighted (sheet Recipes)"
157,Bubur kacang hijau,bdd_pct,,99.97,recipe,"TKPI 2020 raw ingredients (with water), share-weighted (sheet Recipes)"
158,"Gado-gado, ketoprak, pecel",energy_kcal_100g,145,144.81,recipe,"TKPI 2020 raw ingredients (with table salt), share-weighted (sheet Recipes)"
158,"Gado-gado, ketoprak, pecel",protein_g_100g,7,7.992,recipe,"TKPI 2020 raw ingredients (with table salt), share-weighted (sheet Recipes)"
158,"Gado-gado, ketoprak, pecel",fat_g_100g,5.45,5.99,recipe,"TKPI 2020 raw ingredients (with table salt), share-weighted (sheet Recipes)"
158,"Gado-gado, ketoprak, pecel",dha_epa_g_100g,0,0,zero_by_biology,none
158,"Gado-gado, ketoprak, pecel",carbohydrate_g_100g,17,16.184,recipe,"TKPI 2020 raw ingredients (with table salt), share-weighted (sheet Recipes)"
158,"Gado-gado, ketoprak, pecel",fiber_g_100g,2,1.12,recipe,"TKPI 2020 raw ingredients (with table salt), share-weighted (sheet Recipes)"
158,"Gado-gado, ketoprak, pecel",ash_g_100g,2.05,1.923,recipe,"TKPI 2020 raw ingredients (with table salt), share-weighted (sheet Recipes)"
158,"Gado-gado, ketoprak, pecel",retinol_mcg_100g,3,4.27,recipe,"TKPI 2020 raw ingredients (with table salt), share-weighted (sheet Recipes)"
158,"Gado-gado, ketoprak, pecel",beta_carotene_mcg_100g,,973.6999999999999,recipe,"TKPI 2020 raw ingredients (with table salt), share-weighted (sheet Recipes)"
158,"Gado-gado, ketoprak, pecel",thiamin_mg_100g,0.07500000000000001,0.152,recipe,"TKPI 2020 raw ingredients (with table salt), share-weighted (sheet Recipes)"
158,"Gado-gado, ketoprak, pecel",riboflavin_mg_100g,,0.2018,recipe,"TKPI 2020 raw ingredients (with table salt), share-weighted (sheet Recipes)"
158,"Gado-gado, ketoprak, pecel",niacin_mg_100g,,2.650999999999999,recipe,"TKPI 2020 raw ingredients (with table salt), share-weighted (sheet Recipes)"
158,"Gado-gado, ketoprak, pecel",vitamin_c_mg_100g,0.5,6.66,recipe,"TKPI 2020 raw ingredients (with table salt), share-weighted (sheet Recipes)"
158,"Gado-gado, ketoprak, pecel",calcium_mg_100g,227,94.10000000000001,recipe,"TKPI 2020 raw ingredients (with table salt), share-weighted (sheet Recipes)"
158,"Gado-gado, ketoprak, pecel",copper_mg_100g,,0.3287,recipe,"TKPI 2020 raw ingredients (with table salt), share-weighted (sheet Recipes)"
158,"Gado-gado, ketoprak, pecel",iron_mg_100g,5.45,2.009,recipe,"TKPI 2020 raw ingredients (with table salt), share-weighted (sheet Recipes)"
158,"Gado-gado, ketoprak, pecel",phosphorus_mg_100g,134.5,127.73,recipe,"TKPI 2020 raw ingredients (with table salt), share-weighted (sheet Recipes)"
158,"Gado-gado, ketoprak, pecel",potassium_mg_100g,,148.631,recipe,"TKPI 2020 raw ingredients (with table salt), share-weighted (sheet Recipes)"
158,"Gado-gado, ketoprak, pecel",sodium_mg_100g,,414.777,recipe,"TKPI 2020 raw ingredients (with table salt), share-weighted (sheet Recipes)"
158,"Gado-gado, ketoprak, pecel",zinc_mg_100g,,0.7680000000000001,recipe,"TKPI 2020 raw ingredients (with table salt), share-weighted (sheet Recipes)"
158,"Gado-gado, ketoprak, pecel",bdd_pct,100,90.64999999999999,recipe,"TKPI 2020 raw ingredients (with table salt), share-weighted (sheet Recipes)"
159,Nasi campur/rames,dha_epa_g_100g,0,0,zero_by_biology,none
160,Nasi goreng,energy_kcal_100g,,196.39,recipe,"TKPI 2020 raw ingredients (with table salt), share-weighted (sheet Recipes)"
160,Nasi goreng,protein_g_100g,,3.549,recipe,"TKPI 2020 raw ingredients (with table salt), share-weighted (sheet Recipes)"
160,Nasi goreng,fat_g_100g,,7.469999999999999,recipe,"TKPI 2020 raw ingredients (with table salt), share-weighted (sheet Recipes)"
160,Nasi goreng,dha_epa_g_100g,,0,zero_by_biology,none
160,Nasi goreng,carbohydrate_g_100g,,27.984,recipe,"TKPI 2020 raw ingredients (with table salt), share-weighted (sheet Recipes)"
160,Nasi goreng,fiber_g_100g,,0.482,recipe,"TKPI 2020 raw ingredients (with table salt), share-weighted (sheet Recipes)"
160,Nasi goreng,ash_g_100g,,1.437,recipe,"TKPI 2020 raw ingredients (with table salt), share-weighted (sheet Recipes)"
160,Nasi goreng,retinol_mcg_100g,,6.100000000000001,recipe,"TKPI 2020 raw ingredients (with table salt), share-weighted (sheet Recipes)"
160,Nasi goreng,beta_carotene_mcg_100g,,1785.35,recipe,"TKPI 2020 raw ingredients (with table salt), share-weighted (sheet Recipes)"
160,Nasi goreng,thiamin_mg_100g,,0.0732,recipe,"TKPI 2020 raw ingredients (with table salt), share-weighted (sheet Recipes)"
160,Nasi goreng,riboflavin_mg_100g,,0.1186,recipe,"TKPI 2020 raw ingredients (with table salt), share-weighted (sheet Recipes)"
160,Nasi goreng,niacin_mg_100g,,1.817,recipe,"TKPI 2020 raw ingredients (with table salt), share-weighted (sheet Recipes)"
160,Nasi goreng,vitamin_c_mg_100g,,2.76,recipe,"TKPI 2020 raw ingredients (with table salt), share-weighted (sheet Recipes)"
160,Nasi goreng,calcium_mg_100g,,34.61,recipe,"TKPI 2020 raw ingredients (with table salt), share-weighted (sheet Recipes)"
160,Nasi goreng,copper_mg_100g,,0.1376,recipe,"TKPI 2020 raw ingredients (with table salt), share-weighted (sheet Recipes)"
160,Nasi goreng,iron_mg_100g,,0.8450000000000002,recipe,"TKPI 2020 raw ingredients (with table salt), share-weighted (sheet Recipes)"
160,Nasi goreng,phosphorus_mg_100g,,53.66,recipe,"TKPI 2020 raw ingredients (with table salt), share-weighted (sheet Recipes)"
160,Nasi goreng,potassium_mg_100g,,76.553,recipe,"TKPI 2020 raw ingredients (with table salt), share-weighted (sheet Recipes)"
160,Nasi goreng,sodium_mg_100g,,406.614,recipe,"TKPI 2020 raw ingredients (with table salt), share-weighted (sheet Recipes)"
160,Nasi goreng,zinc_mg_100g,,0.544,recipe,"TKPI 2020 raw ingredients (with table salt), share-weighted (sheet Recipes)"
160,Nasi goreng,bdd_pct,,96.46000000000001,recipe,"TKPI 2020 raw ingredients (with table salt), share-weighted (sheet Recipes)"
161,Nasi putih,dha_epa_g_100g,0,0,zero_by_biology,none
162,Lontong/ketupat sayur,energy_kcal_100g,,143.22,recipe,"TKPI 2020 raw ingredients (with water, table salt), share-weighted (sheet Recipes)"
162,Lontong/ketupat sayur,protein_g_100g,,3.243,recipe,"TKPI 2020 raw ingredients (with water, table salt), share-weighted (sheet Recipes)"
162,Lontong/ketupat sayur,fat_g_100g,,6.296,recipe,"TKPI 2020 raw ingredients (with water, table salt), share-weighted (sheet Recipes)"
162,Lontong/ketupat sayur,dha_epa_g_100g,,0,zero_by_biology,none
162,Lontong/ketupat sayur,carbohydrate_g_100g,,18.17400000000001,recipe,"TKPI 2020 raw ingredients (with water, table salt), share-weighted (sheet Recipes)"
162,Lontong/ketupat sayur,fiber_g_100g,,1.044,recipe,"TKPI 2020 raw ingredients (with water, table salt), share-weighted (sheet Recipes)"
162,Lontong/ketupat sayur,ash_g_100g,,1.3963,recipe,"TKPI 2020 raw ingredients (with water, table salt), share-weighted (sheet Recipes)"
162,Lontong/ketupat sayur,retinol_mcg_100g,,6.100000000000001,recipe,"TKPI 2020 raw ingredients (with water, table salt), share-weighted (sheet Recipes)"
162,Lontong/ketupat sayur,beta_carotene_mcg_100g,,433.51,recipe,"TKPI 2020 raw ingredients (with water, table salt), share-weighted (sheet Recipes)"
162,Lontong/ketupat sayur,thiamin_mg_100g,,0.06979999999999999,recipe,"TKPI 2020 raw ingredients (with water, table salt), share-weighted (sheet Recipes)"
162,Lontong/ketupat sayur,riboflavin_mg_100g,,0.08760000000000003,recipe,"TKPI 2020 raw ingredients (with water, table salt), share-weighted (sheet Recipes)"
162,Lontong/ketupat sayur,niacin_mg_100g,,1.222,recipe,"TKPI 2020 raw ingredients (with water, table salt), share-weighted (sheet Recipes)"
162,Lontong/ketupat sayur,vitamin_c_mg_100g,,3.98,recipe,"TKPI 2020 raw ingredients (with water, table salt), share-weighted (sheet Recipes)"
162,Lontong/ketupat sayur,calcium_mg_100g,,29.63,recipe,"TKPI 2020 raw ingredients (with water, table salt), share-weighted (sheet Recipes)"
162,Lontong/ketupat sayur,copper_mg_100g,,0.10613,recipe,"TKPI 2020 raw ingredients (with water, table salt), share-weighted (sheet Recipes)"
162,Lontong/ketupat sayur,iron_mg_100g,,0.7560000000000002,recipe,"TKPI 2020 raw ingredients (with water, table salt), share-weighted (sheet Recipes)"
162,Lontong/ketupat sayur,phosphorus_mg_100g,,50.38,recipe,"TKPI 2020 raw ingredients (with water, table salt), share-weighted (sheet Recipes)"
162,Lontong/ketupat sayur,potassium_mg_100g,,114.461,recipe,"TKPI 2020 raw ingredients (with water, table salt), share-weighted (sheet Recipes)"
162,Lontong/ketupat sayur,sodium_mg_100g,,405.813,recipe,"TKPI 2020 raw ingredients (with water, table salt), share-weighted (sheet Recipes)"
162,Lontong/ketupat sayur,zinc_mg_100g,,0.519,recipe,"TKPI 2020 raw ingredients (with water, table salt), share-weighted (sheet Recipes)"
162,Lontong/ketupat sayur,bdd_pct,,95.9,recipe,"TKPI 2020 raw ingredients (with water, table salt), share-weighted (sheet Recipes)"
163,"Soto, gule, sop, rawon, cincang",dha_epa_g_100g,0,0,zero_by_composition,none
164,"Sayur matang (ditumis, disantan, dsb)",dha_epa_g_100g,0,0,zero_by_biology,none
165,"Sate, tongseng",energy_kcal_100g,245.33333333333337,201.42,recipe,"TKPI 2020 raw ingredients (with table salt), share-weighted (sheet Recipes)"
165,"Sate, tongseng",protein_g_100g,15.833333333333334,12.059,recipe,"TKPI 2020 raw ingredients (with table salt), share-weighted (sheet Recipes)"
165,"Sate, tongseng",fat_g_100g,12.966666666666669,14.575,recipe,"TKPI 2020 raw ingredients (with table salt), share-weighted (sheet Recipes)"
165,"Sate, tongseng",dha_epa_g_100g,0,0,zero_by_biology,none
165,"Sate, tongseng",carbohydrate_g_100g,15.933333333333334,6.78,recipe,"TKPI 2020 raw ingredients (with table salt), share-weighted (sheet Recipes)"
165,"Sate, tongseng",fiber_g_100g,1,0.8490000000000001,recipe,"TKPI 2020 raw ingredients (with table salt), share-weighted (sheet Recipes)"
165,"Sate, tongseng",ash_g_100g,3.0666666666666664,5.572999999999999,recipe,"TKPI 2020 raw ingredients (with table salt), share-weighted (sheet Recipes)"
165,"Sate, tongseng",retinol_mcg_100g,133,35.02,recipe,"TKPI 2020 raw ingredients (with table salt), share-weighted (sheet Recipes)"
165,"Sate, tongseng",beta_carotene_mcg_100g,0.6666666666666667,1177.79,recipe,"TKPI 2020 raw ingredients (with table salt), share-weighted (sheet Recipes)"
165,"Sate, tongseng",thiamin_mg_100g,0.06,0.1043,recipe,"TKPI 2020 raw ingredients (with table salt), share-weighted (sheet Recipes)"
165,"Sate, tongseng",riboflavin_mg_100g,0.02,0.1785,recipe,"TKPI 2020 raw ingredients (with table salt), share-weighted (sheet Recipes)"
165,"Sate, tongseng",niacin_mg_100g,0,4.162000000000001,recipe,"TKPI 2020 raw ingredients (with table salt), share-weighted (sheet Recipes)"
165,"Sate, tongseng",vitamin_c_mg_100g,0,4.4,recipe,"TKPI 2020 raw ingredients (with table salt), share-weighted (sheet Recipes)"
165,"Sate, tongseng",calcium_mg_100g,122.66666666666669,37.57,recipe,"TKPI 2020 raw ingredients (with table salt), share-weighted (sheet Recipes)"
165,"Sate, tongseng",copper_mg_100g,0.2,0.684,recipe,"TKPI 2020 raw ingredients (with table salt), share-weighted (sheet Recipes)"
165,"Sate, tongseng",iron_mg_100g,6.1000000000000005,2.008,recipe,"TKPI 2020 raw ingredients (with table salt), share-weighted (sheet Recipes)"
165,"Sate, tongseng",phosphorus_mg_100g,204.66666666666663,125.09,recipe,"TKPI 2020 raw ingredients (with table salt), share-weighted (sheet Recipes)"
165,"Sate, tongseng",potassium_mg_100g,199,275.978,recipe,"TKPI 2020 raw ingredients (with table salt), share-weighted (sheet Recipes)"
165,"Sate, tongseng",sodium_mg_100g,576,924.782,recipe,"TKPI 2020 raw ingredients (with table salt), share-weighted (sheet Recipes)"
165,"Sate, tongseng",zinc_mg_100g,0.45,2.234,recipe,"TKPI 2020 raw ingredients (with table salt), share-weighted (sheet Recipes)"
165,"Sate, tongseng",bdd_pct,94.13333333333334,91.19999999999999,recipe,"TKPI 2020 raw ingredients (with table salt), share-weighted (sheet Recipes)"
166,"Mie bakso, mie rebus, mie goreng",energy_kcal_100g,,151.76,recipe,"TKPI 2020 raw ingredients (with water, table salt), share-weighted (sheet Recipes)"
166,"Mie bakso, mie rebus, mie goreng",protein_g_100g,,5.343999999999999,recipe,"TKPI 2020 raw ingredients (with water, table salt), share-weighted (sheet Recipes)"
166,"Mie bakso, mie rebus, mie goreng",fat_g_100g,,6.154999999999999,recipe,"TKPI 2020 raw ingredients (with water, table salt), share-weighted (sheet Recipes)"
166,"Mie bakso, mie rebus, mie goreng",dha_epa_g_100g,,0,zero_by_biology,none
166,"Mie bakso, mie rebus, mie goreng",carbohydrate_g_100g,,4.669,recipe,"TKPI 2020 raw ingredients (with water, table salt), share-weighted (sheet Recipes)"
166,"Mie bakso, mie rebus, mie goreng",fiber_g_100g,,0.3500000000000001,recipe,"TKPI 2020 raw ingredients (with water, table salt), share-weighted (sheet Recipes)"
166,"Mie bakso, mie rebus, mie goreng",ash_g_100g,,2.325,recipe,"TKPI 2020 raw ingredients (with water, table salt), share-weighted (sheet Recipes)"
166,"Mie bakso, mie rebus, mie goreng",retinol_mcg_100g,,17.07,recipe,"TKPI 2020 raw ingredients (with water, table salt), share-weighted (sheet Recipes)"
166,"Mie bakso, mie rebus, mie goreng",beta_carotene_mcg_100g,,689.5099999999999,recipe,"TKPI 2020 raw ingredients (with water, table salt), share-weighted (sheet Recipes)"
166,"Mie bakso, mie rebus, mie goreng",thiamin_mg_100g,,0.0267,recipe,"TKPI 2020 raw ingredients (with water, table salt), share-weighted (sheet Recipes)"
166,"Mie bakso, mie rebus, mie goreng",riboflavin_mg_100g,,0.09230000000000003,recipe,"TKPI 2020 raw ingredients (with water, table salt), share-weighted (sheet Recipes)"
166,"Mie bakso, mie rebus, mie goreng",niacin_mg_100g,,1.318,recipe,"TKPI 2020 raw ingredients (with water, table salt), share-weighted (sheet Recipes)"
166,"Mie bakso, mie rebus, mie goreng",vitamin_c_mg_100g,,6.77,recipe,"TKPI 2020 raw ingredients (with water, table salt), share-weighted (sheet Recipes)"
166,"Mie bakso, mie rebus, mie goreng",calcium_mg_100g,,40.47,recipe,"TKPI 2020 raw ingredients (with water, table salt), share-weighted (sheet Recipes)"
166,"Mie bakso, mie rebus, mie goreng",copper_mg_100g,,0.3719,recipe,"TKPI 2020 raw ingredients (with water, table salt), share-weighted (sheet Recipes)"
166,"Mie bakso, mie rebus, mie goreng",iron_mg_100g,,1.639,recipe,"TKPI 2020 raw ingredients (with water, table salt), share-weighted (sheet Recipes)"
166,"Mie bakso, mie rebus, mie goreng",phosphorus_mg_100g,,73.78,recipe,"TKPI 2020 raw ingredients (with water, table salt), share-weighted (sheet Recipes)"
166,"Mie bakso, mie rebus, mie goreng",potassium_mg_100g,,110.423,recipe,"TKPI 2020 raw ingredients (with water, table salt), share-weighted (sheet Recipes)"
166,"Mie bakso, mie rebus, mie goreng",sodium_mg_100g,,626.396,recipe,"TKPI 2020 raw ingredients (with water, table salt), share-weighted (sheet Recipes)"
166,"Mie bakso, mie rebus, mie goreng",zinc_mg_100g,,0.8380000000000001,recipe,"TKPI 2020 raw ingredients (with water, table salt), share-weighted (sheet Recipes)"
166,"Mie bakso, mie rebus, mie goreng",bdd_pct,,95.78,recipe,"TKPI 2020 raw ingredients (with water, table salt), share-weighted (sheet Recipes)"
167,Mie instan (jadi),energy_kcal_100g,,66,recipe,"USDA SR Legacy dry noodle (with water), share-weighted (sheet Recipes)"
167,Mie instan (jadi),protein_g_100g,,1.53,recipe,"USDA SR Legacy dry noodle (with water), share-weighted (sheet Recipes)"
167,Mie instan (jadi),fat_g_100g,,2.64,recipe,"USDA SR Legacy dry noodle (with water), share-weighted (sheet Recipes)"
167,Mie instan (jadi),dha_epa_g_100g,,0,zero_by_biology,none
167,Mie instan (jadi),carbohydrate_g_100g,,9.045,recipe,"USDA SR Legacy dry noodle (with water), share-weighted (sheet Recipes)"
167,Mie instan (jadi),fiber_g_100g,,0.435,recipe,"USDA SR Legacy dry noodle (with water), share-weighted (sheet Recipes)"
167,Mie instan (jadi),ash_g_100g,,0.877,recipe,"USDA SR Legacy dry noodle (with water), share-weighted (sheet Recipes)"
167,Mie instan (jadi),retinol_mcg_100g,,0,recipe,"USDA SR Legacy dry noodle (with water), share-weighted (sheet Recipes)"
167,Mie instan (jadi),beta_carotene_mcg_100g,,0.8999999999999999,recipe,"USDA SR Legacy dry noodle (with water), share-weighted (sheet Recipes)"
167,Mie instan (jadi),thiamin_mg_100g,,0.0672,recipe,"USDA SR Legacy dry noodle (with water), share-weighted (sheet Recipes)"
167,Mie instan (jadi),riboflavin_mg_100g,,0.03825,recipe,"USDA SR Legacy dry noodle (with water), share-weighted (sheet Recipes)"
167,Mie instan (jadi),niacin_mg_100g,,0.81,recipe,"USDA SR Legacy dry noodle (with water), share-weighted (sheet Recipes)"
167,Mie instan (jadi),vitamin_c_mg_100g,,0.045,recipe,"USDA SR Legacy dry noodle (with water), share-weighted (sheet Recipes)"
167,Mie instan (jadi),calcium_mg_100g,,11.65,recipe,"USDA SR Legacy dry noodle (with water), share-weighted (sheet Recipes)"
167,Mie instan (jadi),copper_mg_100g,,0.02485,recipe,"USDA SR Legacy dry noodle (with water), share-weighted (sheet Recipes)"
167,Mie instan (jadi),iron_mg_100g,,0.6165,recipe,"USDA SR Legacy dry noodle (with water), share-weighted (sheet Recipes)"
167,Mie instan (jadi),phosphorus_mg_100g,,17.25,recipe,"USDA SR Legacy dry noodle (with water), share-weighted (sheet Recipes)"
167,Mie instan (jadi),potassium_mg_100g,,27.15,recipe,"USDA SR Legacy dry noodle (with water), share-weighted (sheet Recipes)"
167,Mie instan (jadi),sodium_mg_100g,,280.7,recipe,"USDA SR Legacy dry noodle (with water), share-weighted (sheet Recipes)"
167,Mie instan (jadi),zinc_mg_100g,,0.09,recipe,"USDA SR Legacy dry noodle (with water), share-weighted (sheet Recipes)"
167,Mie instan (jadi),bdd_pct,,100,recipe,"USDA SR Legacy dry noodle (with water), share-weighted (sheet Recipes)"
168,"Makanan ringan anak-anak, krupuk/kripik",dha_epa_g_100g,0,0,zero_by_biology,none
169,Ikan matang,dha_epa_g_100g,0,0,zero_by_composition,none
170,"Ayam/daging matang (ayam goreng, rendang, dsb)",dha_epa_g_100g,0,0,zero_by_biology,none
171,"Daging olahan (sosis, nugget, daging asap, dsb) matang",energy_kcal_100g,298.25,290.8,recipe,"TKPI 2020 raw ingredients (with USDA entries), share-weighted (sheet Recipes)"
171,"Daging olahan (sosis, nugget, daging asap, dsb) matang",protein_g_100g,19.625,18.572,recipe,"TKPI 2020 raw ingredients (with USDA entries), share-weighted (sheet Recipes)"
171,"Daging olahan (sosis, nugget, daging asap, dsb) matang",fat_g_100g,23.825,22.144,recipe,"TKPI 2020 raw ingredients (with USDA entries), share-weighted (sheet Recipes)"
171,"Daging olahan (sosis, nugget, daging asap, dsb) matang",dha_epa_g_100g,0,0,zero_by_biology,none
171,"Daging olahan (sosis, nugget, daging asap, dsb) matang",carbohydrate_g_100g,1.325,4.308,recipe,"TKPI 2020 raw ingredients (with USDA entries), share-weighted (sheet Recipes)"
171,"Daging olahan (sosis, nugget, daging asap, dsb) matang",fiber_g_100g,0.7666666666666666,0.6,recipe,"TKPI 2020 raw ingredients (with USDA entries), share-weighted (sheet Recipes)"
171,"Daging olahan (sosis, nugget, daging asap, dsb) matang",ash_g_100g,3.425,3.158,recipe,"TKPI 2020 raw ingredients (with USDA entries), share-weighted (sheet Recipes)"
171,"Daging olahan (sosis, nugget, daging asap, dsb) matang",retinol_mcg_100g,301.75,244.6,recipe,"TKPI 2020 raw ingredients (with USDA entries), share-weighted (sheet Recipes)"
171,"Daging olahan (sosis, nugget, daging asap, dsb) matang",beta_carotene_mcg_100g,52,10.4,recipe,"TKPI 2020 raw ingredients (with USDA entries), share-weighted (sheet Recipes)"
171,"Daging olahan (sosis, nugget, daging asap, dsb) matang",thiamin_mg_100g,0.1075,0.1072,recipe,"TKPI 2020 raw ingredients (with USDA entries), share-weighted (sheet Recipes)"
171,"Daging olahan (sosis, nugget, daging asap, dsb) matang",riboflavin_mg_100g,0.3824999999999999,0.3170000000000001,recipe,"TKPI 2020 raw ingredients (with USDA entries), share-weighted (sheet Recipes)"
171,"Daging olahan (sosis, nugget, daging asap, dsb) matang",niacin_mg_100g,4.375,4.8472,recipe,"TKPI 2020 raw ingredients (with USDA entries), share-weighted (sheet Recipes)"
171,"Daging olahan (sosis, nugget, daging asap, dsb) matang",vitamin_c_mg_100g,0,0,recipe,"TKPI 2020 raw ingredients (with USDA entries), share-weighted (sheet Recipes)"
171,"Daging olahan (sosis, nugget, daging asap, dsb) matang",calcium_mg_100g,18.25,22.2,recipe,"TKPI 2020 raw ingredients (with USDA entries), share-weighted (sheet Recipes)"
171,"Daging olahan (sosis, nugget, daging asap, dsb) matang",copper_mg_100g,0.095,0.1038,recipe,"TKPI 2020 raw ingredients (with USDA entries), share-weighted (sheet Recipes)"
171,"Daging olahan (sosis, nugget, daging asap, dsb) matang",iron_mg_100g,3.525,3.106,recipe,"TKPI 2020 raw ingredients (with USDA entries), share-weighted (sheet Recipes)"
171,"Daging olahan (sosis, nugget, daging asap, dsb) matang",phosphorus_mg_100g,170.25,178.8,recipe,"TKPI 2020 raw ingredients (with USDA entries), share-weighted (sheet Recipes)"
171,"Daging olahan (sosis, nugget, daging asap, dsb) matang",potassium_mg_100g,255.775,260.82,recipe,"TKPI 2020 raw ingredients (with USDA entries), share-weighted (sheet Recipes)"
171,"Daging olahan (sosis, nugget, daging asap, dsb) matang",sodium_mg_100g,958.25,874.1999999999999,recipe,"TKPI 2020 raw ingredients (with USDA entries), share-weighted (sheet Recipes)"
171,"Daging olahan (sosis, nugget, daging asap, dsb) matang",zinc_mg_100g,3.25,2.75,recipe,"TKPI 2020 raw ingredients (with USDA entries), share-weighted (sheet Recipes)"
171,"Daging olahan (sosis, nugget, daging asap, dsb) matang",bdd_pct,100,100,recipe,"TKPI 2020 raw ingredients (with USDA entries), share-weighted (sheet Recipes)"
172,Bubur ayam,energy_kcal_100g,,103.08,recipe,"TKPI 2020 raw ingredients (with water, table salt), share-weighted (sheet Recipes)"
172,Bubur ayam,protein_g_100g,,2.71,recipe,"TKPI 2020 raw ingredients (with water, table salt), share-weighted (sheet Recipes)"
172,Bubur ayam,fat_g_100g,,4.439000000000001,recipe,"TKPI 2020 raw ingredients (with water, table salt), share-weighted (sheet Recipes)"
172,Bubur ayam,dha_epa_g_100g,,0,zero_by_composition,none
172,Bubur ayam,carbohydrate_g_100g,,13.172,recipe,"TKPI 2020 raw ingredients (with water, table salt), share-weighted (sheet Recipes)"
172,Bubur ayam,fiber_g_100g,,0.27,recipe,"TKPI 2020 raw ingredients (with water, table salt), share-weighted (sheet Recipes)"
172,Bubur ayam,ash_g_100g,,1.495,recipe,"TKPI 2020 raw ingredients (with water, table salt), share-weighted (sheet Recipes)"
172,Bubur ayam,retinol_mcg_100g,,17.15,recipe,"TKPI 2020 raw ingredients (with water, table salt), share-weighted (sheet Recipes)"
172,Bubur ayam,beta_carotene_mcg_100g,,364.25,recipe,"TKPI 2020 raw ingredients (with water, table salt), share-weighted (sheet Recipes)"
172,Bubur ayam,thiamin_mg_100g,,0.0401,recipe,"TKPI 2020 raw ingredients (with water, table salt), share-weighted (sheet Recipes)"
172,Bubur ayam,riboflavin_mg_100g,,0.0242,recipe,"TKPI 2020 raw ingredients (with water, table salt), share-weighted (sheet Recipes)"
172,Bubur ayam,niacin_mg_100g,,1.173,recipe,"TKPI 2020 raw ingredients (with water, table salt), share-weighted (sheet Recipes)"
172,Bubur ayam,vitamin_c_mg_100g,,0.15,recipe,"TKPI 2020 raw ingredients (with water, table salt), share-weighted (sheet Recipes)"
172,Bubur ayam,calcium_mg_100g,,32.95,recipe,"TKPI 2020 raw ingredients (with water, table salt), share-weighted (sheet Recipes)"
172,Bubur ayam,copper_mg_100g,,0.0356,recipe,"TKPI 2020 raw ingredients (with water, table salt), share-weighted (sheet Recipes)"
172,Bubur ayam,iron_mg_100g,,0.476,recipe,"TKPI 2020 raw ingredients (with water, table salt), share-weighted (sheet Recipes)"
172,Bubur ayam,phosphorus_mg_100g,,31.66,recipe,"TKPI 2020 raw ingredients (with water, table salt), share-weighted (sheet Recipes)"
172,Bubur ayam,potassium_mg_100g,,46.868,recipe,"TKPI 2020 raw ingredients (with water, table salt), share-weighted (sheet Recipes)"
172,Bubur ayam,sodium_mg_100g,,420.965,recipe,"TKPI 2020 raw ingredients (with water, table salt), share-weighted (sheet Recipes)"
172,Bubur ayam,zinc_mg_100g,,0.132,recipe,"TKPI 2020 raw ingredients (with water, table salt), share-weighted (sheet Recipes)"
172,Bubur ayam,bdd_pct,,96.66,recipe,"TKPI 2020 raw ingredients (with water, table salt), share-weighted (sheet Recipes)"
173,"Siomay, batagor",energy_kcal_100g,,201.68,recipe,"TKPI 2020 raw ingredients (with water, table salt, fish book tenggiri), share-weighted (sheet Recipes)"
173,"Siomay, batagor",protein_g_100g,,8.636000000000001,recipe,"TKPI 2020 raw ingredients (with water, table salt, fish book tenggiri), share-weighted (sheet Recipes)"
173,"Siomay, batagor",fat_g_100g,,9.682,recipe,"TKPI 2020 raw ingredients (with water, table salt, fish book tenggiri), share-weighted (sheet Recipes)"
173,"Siomay, batagor",dha_epa_g_100g,,0.1966173,recipe,"fish book (Harvard AFCD) tenggiri row, share-weighted"
173,"Siomay, batagor",carbohydrate_g_100g,,21.114,recipe,"TKPI 2020 raw ingredients (with water, table salt, fish book tenggiri), share-weighted (sheet Recipes)"
173,"Siomay, batagor",fiber_g_100g,,0.602,recipe,"TKPI 2020 raw ingredients (with water, table salt, fish book tenggiri), share-weighted (sheet Recipes)"
173,"Siomay, batagor",ash_g_100g,,2.1493,recipe,"TKPI 2020 raw ingredients (with water, table salt, fish book tenggiri), share-weighted (sheet Recipes)"
173,"Siomay, batagor",retinol_mcg_100g,,5.08,recipe,"TKPI 2020 raw ingredients (with water, table salt, fish book tenggiri), share-weighted (sheet Recipes)"
173,"Siomay, batagor",beta_carotene_mcg_100g,,1585.9,recipe,"TKPI 2020 raw ingredients (with water, table salt, fish book tenggiri), share-weighted (sheet Recipes)"
173,"Siomay, batagor",thiamin_mg_100g,,0.0845,recipe,"TKPI 2020 raw ingredients (with water, table salt, fish book tenggiri), share-weighted (sheet Recipes)"
173,"Siomay, batagor",riboflavin_mg_100g,,19.8673,recipe,"TKPI 2020 raw ingredients (with water, table salt, fish book tenggiri), share-weighted (sheet Recipes)"
173,"Siomay, batagor",niacin_mg_100g,,3.668,recipe,"TKPI 2020 raw ingredients (with water, table salt, fish book tenggiri), share-weighted (sheet Recipes)"
173,"Siomay, batagor",vitamin_c_mg_100g,,3.54,recipe,"TKPI 2020 raw ingredients (with water, table salt, fish book tenggiri), share-weighted (sheet Recipes)"
173,"Siomay, batagor",calcium_mg_100g,,77.747,recipe,"TKPI 2020 raw ingredients (with water, table salt, fish book tenggiri), share-weighted (sheet Recipes)"
173,"Siomay, batagor",copper_mg_100g,,0.223916,recipe,"TKPI 2020 raw ingredients (with water, table salt, fish book tenggiri), share-weighted (sheet Recipes)"
173,"Siomay, batagor",iron_mg_100g,,1.509,recipe,"TKPI 2020 raw ingredients (with water, table salt, fish book tenggiri), share-weighted (sheet Recipes)"
173,"Siomay, batagor",phosphorus_mg_100g,,141.982,recipe,"TKPI 2020 raw ingredients (with water, table salt, fish book tenggiri), share-weighted (sheet Recipes)"
173,"Siomay, batagor",potassium_mg_100g,,182.926,recipe,"TKPI 2020 raw ingredients (with water, table salt, fish book tenggiri), share-weighted (sheet Recipes)"
173,"Siomay, batagor",sodium_mg_100g,,411.282,recipe,"TKPI 2020 raw ingredients (with water, table salt, fish book tenggiri), share-weighted (sheet Recipes)"
173,"Siomay, batagor",zinc_mg_100g,,0.5306000000000001,recipe,"TKPI 2020 raw ingredients (with water, table salt, fish book tenggiri), share-weighted (sheet Recipes)"
173,"Siomay, batagor",bdd_pct,,85.5454798206278,recipe,"TKPI 2020 raw ingredients (with water, table salt, fish book tenggiri), share-weighted (sheet Recipes)"
174,Makanan jadi lainnya,dha_epa_g_100g,0,0,zero_by_biology,none
175,Air kemasan,energy_kcal_100g,,0,borrowed,"USDA FoodData Central, SR Legacy"
175,Air kemasan,protein_g_100g,,0,borrowed,"USDA FoodData Central, SR Legacy"
175,Air kemasan,fat_g_100g,,0,borrowed,"USDA FoodData Central, SR Legacy"
175,Air kemasan,dha_epa_g_100g,,0,zero_by_biology,none
175,Air kemasan,carbohydrate_g_100g,,0,borrowed,"USDA FoodData Central, SR Legacy"
175,Air kemasan,fiber_g_100g,,0,borrowed,"USDA FoodData Central, SR Legacy"
175,Air kemasan,ash_g_100g,,0.07,borrowed,"USDA FoodData Central, SR Legacy"
175,Air kemasan,retinol_mcg_100g,,0,borrowed,"USDA FoodData Central, SR Legacy"
175,Air kemasan,beta_carotene_mcg_100g,,0,borrowed,"USDA FoodData Central, SR Legacy"
175,Air kemasan,thiamin_mg_100g,,0,borrowed,"USDA FoodData Central, SR Legacy"
175,Air kemasan,riboflavin_mg_100g,,0,borrowed,"USDA FoodData Central, SR Legacy"
175,Air kemasan,niacin_mg_100g,,0,borrowed,"USDA FoodData Central, SR Legacy"
175,Air kemasan,vitamin_c_mg_100g,,0,borrowed,"USDA FoodData Central, SR Legacy"
175,Air kemasan,calcium_mg_100g,,10,borrowed,"USDA FoodData Central, SR Legacy"
175,Air kemasan,copper_mg_100g,,0.007,borrowed,"USDA FoodData Central, SR Legacy"
175,Air kemasan,iron_mg_100g,,0,borrowed,"USDA FoodData Central, SR Legacy"
175,Air kemasan,phosphorus_mg_100g,,0,borrowed,"USDA FoodData Central, SR Legacy"
175,Air kemasan,potassium_mg_100g,,0,borrowed,"USDA FoodData Central, SR Legacy"
175,Air kemasan,sodium_mg_100g,,2,borrowed,"USDA FoodData Central, SR Legacy"
175,Air kemasan,zinc_mg_100g,,0,borrowed,"USDA FoodData Central, SR Legacy"
175,Air kemasan,bdd_pct,,100,borrowed,none
176,Air kemasan galon,energy_kcal_100g,,0,borrowed,"USDA FoodData Central, SR Legacy"
176,Air kemasan galon,protein_g_100g,,0,borrowed,"USDA FoodData Central, SR Legacy"
176,Air kemasan galon,fat_g_100g,,0,borrowed,"USDA FoodData Central, SR Legacy"
176,Air kemasan galon,dha_epa_g_100g,,0,zero_by_biology,none
176,Air kemasan galon,carbohydrate_g_100g,,0,borrowed,"USDA FoodData Central, SR Legacy"
176,Air kemasan galon,fiber_g_100g,,0,borrowed,"USDA FoodData Central, SR Legacy"
176,Air kemasan galon,ash_g_100g,,0.07,borrowed,"USDA FoodData Central, SR Legacy"
176,Air kemasan galon,retinol_mcg_100g,,0,borrowed,"USDA FoodData Central, SR Legacy"
176,Air kemasan galon,beta_carotene_mcg_100g,,0,borrowed,"USDA FoodData Central, SR Legacy"
176,Air kemasan galon,thiamin_mg_100g,,0,borrowed,"USDA FoodData Central, SR Legacy"
176,Air kemasan galon,riboflavin_mg_100g,,0,borrowed,"USDA FoodData Central, SR Legacy"
176,Air kemasan galon,niacin_mg_100g,,0,borrowed,"USDA FoodData Central, SR Legacy"
176,Air kemasan galon,vitamin_c_mg_100g,,0,borrowed,"USDA FoodData Central, SR Legacy"
176,Air kemasan galon,calcium_mg_100g,,10,borrowed,"USDA FoodData Central, SR Legacy"
176,Air kemasan galon,copper_mg_100g,,0.007,borrowed,"USDA FoodData Central, SR Legacy"
176,Air kemasan galon,iron_mg_100g,,0,borrowed,"USDA FoodData Central, SR Legacy"
176,Air kemasan galon,phosphorus_mg_100g,,0,borrowed,"USDA FoodData Central, SR Legacy"
176,Air kemasan galon,potassium_mg_100g,,0,borrowed,"USDA FoodData Central, SR Legacy"
176,Air kemasan galon,sodium_mg_100g,,2,borrowed,"USDA FoodData Central, SR Legacy"
176,Air kemasan galon,zinc_mg_100g,,0,borrowed,"USDA FoodData Central, SR Legacy"
176,Air kemasan galon,bdd_pct,,100,borrowed,none
177,"Air teh kemasan, minuman bersoda/mengandung CO2",energy_kcal_100g,,42.66666666666666,borrowed,"USDA FoodData Central, SR Legacy"
177,"Air teh kemasan, minuman bersoda/mengandung CO2",protein_g_100g,,0.03,borrowed,"USDA FoodData Central, SR Legacy"
177,"Air teh kemasan, minuman bersoda/mengandung CO2",fat_g_100g,,0.1566666666666666,borrowed,"USDA FoodData Central, SR Legacy"
177,"Air teh kemasan, minuman bersoda/mengandung CO2",dha_epa_g_100g,,0,zero_by_biology,none
177,"Air teh kemasan, minuman bersoda/mengandung CO2",carbohydrate_g_100g,,10.52666666666667,borrowed,"USDA FoodData Central, SR Legacy"
177,"Air teh kemasan, minuman bersoda/mengandung CO2",fiber_g_100g,,0,borrowed,"USDA FoodData Central, SR Legacy"
177,"Air teh kemasan, minuman bersoda/mengandung CO2",ash_g_100g,,0.02333333333333333,borrowed,"USDA FoodData Central, SR Legacy"
177,"Air teh kemasan, minuman bersoda/mengandung CO2",retinol_mcg_100g,,0,borrowed,"USDA FoodData Central, SR Legacy"
177,"Air teh kemasan, minuman bersoda/mengandung CO2",beta_carotene_mcg_100g,,0,borrowed,"USDA FoodData Central, SR Legacy"
177,"Air teh kemasan, minuman bersoda/mengandung CO2",thiamin_mg_100g,,0,borrowed,"USDA FoodData Central, SR Legacy"
177,"Air teh kemasan, minuman bersoda/mengandung CO2",riboflavin_mg_100g,,0,borrowed,"USDA FoodData Central, SR Legacy"
177,"Air teh kemasan, minuman bersoda/mengandung CO2",niacin_mg_100g,,0.005,borrowed,"USDA FoodData Central, SR Legacy"
177,"Air teh kemasan, minuman bersoda/mengandung CO2",vitamin_c_mg_100g,,0,borrowed,"USDA FoodData Central, SR Legacy"
177,"Air teh kemasan, minuman bersoda/mengandung CO2",calcium_mg_100g,,2.333333333333333,borrowed,"USDA FoodData Central, SR Legacy"
177,"Air teh kemasan, minuman bersoda/mengandung CO2",copper_mg_100g,,0.004333333333333334,borrowed,"USDA FoodData Central, SR Legacy"
177,"Air teh kemasan, minuman bersoda/mengandung CO2",iron_mg_100g,,0.01333333333333333,borrowed,"USDA FoodData Central, SR Legacy"
177,"Air teh kemasan, minuman bersoda/mengandung CO2",phosphorus_mg_100g,,3.333333333333333,borrowed,"USDA FoodData Central, SR Legacy"
177,"Air teh kemasan, minuman bersoda/mengandung CO2",potassium_mg_100g,,6.666666666666667,borrowed,"USDA FoodData Central, SR Legacy"
177,"Air teh kemasan, minuman bersoda/mengandung CO2",sodium_mg_100g,,5.333333333333333,borrowed,"USDA FoodData Central, SR Legacy"
177,"Air teh kemasan, minuman bersoda/mengandung CO2",zinc_mg_100g,,0.03666666666666666,borrowed,"USDA FoodData Central, SR Legacy"
177,"Air teh kemasan, minuman bersoda/mengandung CO2",bdd_pct,,100,borrowed,none
178,"Sari buah kemasan, minuman kesehatan, minuman berenergi",dha_epa_g_100g,0,0,zero_by_biology,none
178,"Sari buah kemasan, minuman kesehatan, minuman berenergi",beta_carotene_mcg_100g,,0,borrowed,"USDA FoodData Central, SR Legacy"
178,"Sari buah kemasan, minuman kesehatan, minuman berenergi",copper_mg_100g,,0.0065,borrowed,"USDA FoodData Central, SR Legacy"
179,"Minuman jadi (kopi, kopi susu, teh, susu coklat, dsb)",dha_epa_g_100g,0,0,zero_by_biology,none
179,"Minuman jadi (kopi, kopi susu, teh, susu coklat, dsb)",copper_mg_100g,,0.0335,borrowed,"USDA FoodData Central, SR Legacy"
179,"Minuman jadi (kopi, kopi susu, teh, susu coklat, dsb)",zinc_mg_100g,,0.335,borrowed,"USDA FoodData Central, SR Legacy"
180,Es krim,dha_epa_g_100g,0,0,zero_by_biology,none
181,Es lainnya,energy_kcal_100g,,79.20000000000002,recipe,"TKPI 2020 raw ingredients (with water), share-weighted (sheet Recipes)"
181,Es lainnya,protein_g_100g,,2.076,recipe,"TKPI 2020 raw ingredients (with water), share-weighted (sheet Recipes)"
181,Es lainnya,fat_g_100g,,1.753,recipe,"TKPI 2020 raw ingredients (with water), share-weighted (sheet Recipes)"
181,Es lainnya,dha_epa_g_100g,,0,zero_by_biology,none
181,Es lainnya,carbohydrate_g_100g,,14.362,recipe,"TKPI 2020 raw ingredients (with water), share-weighted (sheet Recipes)"
181,Es lainnya,fiber_g_100g,,0.7410000000000001,recipe,"TKPI 2020 raw ingredients (with water), share-weighted (sheet Recipes)"
181,Es lainnya,ash_g_100g,,0.688,recipe,"TKPI 2020 raw ingredients (with water), share-weighted (sheet Recipes)"
181,Es lainnya,retinol_mcg_100g,,13.95,recipe,"TKPI 2020 raw ingredients (with water), share-weighted (sheet Recipes)"
181,Es lainnya,beta_carotene_mcg_100g,,45.48999999999999,recipe,"TKPI 2020 raw ingredients (with water), share-weighted (sheet Recipes)"
181,Es lainnya,thiamin_mg_100g,,0.0325,recipe,"TKPI 2020 raw ingredients (with water), share-weighted (sheet Recipes)"
181,Es lainnya,riboflavin_mg_100g,,0.0656,recipe,"TKPI 2020 raw ingredients (with water), share-weighted (sheet Recipes)"
181,Es lainnya,niacin_mg_100g,,0.3460000000000001,recipe,"TKPI 2020 raw ingredients (with water), share-weighted (sheet Recipes)"
181,Es lainnya,vitamin_c_mg_100g,,4.39,recipe,"TKPI 2020 raw ingredients (with water), share-weighted (sheet Recipes)"
181,Es lainnya,calcium_mg_100g,,49,recipe,"TKPI 2020 raw ingredients (with water), share-weighted (sheet Recipes)"
181,Es lainnya,copper_mg_100g,,12.4157,recipe,"TKPI 2020 raw ingredients (with water), share-weighted (sheet Recipes)"
181,Es lainnya,iron_mg_100g,,0.6510000000000001,recipe,"TKPI 2020 raw ingredients (with water), share-weighted (sheet Recipes)"
181,Es lainnya,phosphorus_mg_100g,,42.53000000000001,recipe,"TKPI 2020 raw ingredients (with water), share-weighted (sheet Recipes)"
181,Es lainnya,potassium_mg_100g,,195.607,recipe,"TKPI 2020 raw ingredients (with water), share-weighted (sheet Recipes)"
181,Es lainnya,sodium_mg_100g,,17.92,recipe,"TKPI 2020 raw ingredients (with water), share-weighted (sheet Recipes)"
181,Es lainnya,zinc_mg_100g,,0.42,recipe,"TKPI 2020 raw ingredients (with water), share-weighted (sheet Recipes)"
181,Es lainnya,bdd_pct,,83.60000000000001,recipe,"TKPI 2020 raw ingredients (with water), share-weighted (sheet Recipes)"
182,Minuman keras,energy_kcal_100g,,169,recipe,"TKPI 2020 raw ingredients (with USDA entries), share-weighted (sheet Recipes)"
182,Minuman keras,protein_g_100g,,0.23,recipe,"TKPI 2020 raw ingredients (with USDA entries), share-weighted (sheet Recipes)"
182,Minuman keras,fat_g_100g,,0,recipe,"TKPI 2020 raw ingredients (with USDA entries), share-weighted (sheet Recipes)"
182,Minuman keras,dha_epa_g_100g,,0,zero_by_biology,none
182,Minuman keras,carbohydrate_g_100g,,1.775,recipe,"TKPI 2020 raw ingredients (with USDA entries), share-weighted (sheet Recipes)"
182,Minuman keras,fiber_g_100g,,0,recipe,"TKPI 2020 raw ingredients (with USDA entries), share-weighted (sheet Recipes)"
182,Minuman keras,ash_g_100g,,0.085,recipe,"TKPI 2020 raw ingredients (with USDA entries), share-weighted (sheet Recipes)"
182,Minuman keras,retinol_mcg_100g,,0,recipe,"TKPI 2020 raw ingredients (with USDA entries), share-weighted (sheet Recipes)"
182,Minuman keras,beta_carotene_mcg_100g,,0,recipe,"TKPI 2020 raw ingredients (with USDA entries), share-weighted (sheet Recipes)"
182,Minuman keras,thiamin_mg_100g,,0.0055,recipe,"TKPI 2020 raw ingredients (with USDA entries), share-weighted (sheet Recipes)"
182,Minuman keras,riboflavin_mg_100g,,0.0145,recipe,"TKPI 2020 raw ingredients (with USDA entries), share-weighted (sheet Recipes)"
182,Minuman keras,niacin_mg_100g,,0.263,recipe,"TKPI 2020 raw ingredients (with USDA entries), share-weighted (sheet Recipes)"
182,Minuman keras,vitamin_c_mg_100g,,0,recipe,"TKPI 2020 raw ingredients (with USDA entries), share-weighted (sheet Recipes)"
182,Minuman keras,calcium_mg_100g,,2,recipe,"TKPI 2020 raw ingredients (with USDA entries), share-weighted (sheet Recipes)"
182,Minuman keras,copper_mg_100g,,0.013,recipe,"TKPI 2020 raw ingredients (with USDA entries), share-weighted (sheet Recipes)"
182,Minuman keras,iron_mg_100g,,0.03,recipe,"TKPI 2020 raw ingredients (with USDA entries), share-weighted (sheet Recipes)"
182,Minuman keras,phosphorus_mg_100g,,9,recipe,"TKPI 2020 raw ingredients (with USDA entries), share-weighted (sheet Recipes)"
182,Minuman keras,potassium_mg_100g,,14.5,recipe,"TKPI 2020 raw ingredients (with USDA entries), share-weighted (sheet Recipes)"
182,Minuman keras,sodium_mg_100g,,2.5,recipe,"TKPI 2020 raw ingredients (with USDA entries), share-weighted (sheet Recipes)"
182,Minuman keras,zinc_mg_100g,,0.025,recipe,"TKPI 2020 raw ingredients (with USDA entries), share-weighted (sheet Recipes)"
182,Minuman keras,bdd_pct,,100,recipe,"TKPI 2020 raw ingredients (with USDA entries), share-weighted (sheet Recipes)"
